18	if (a.length() > 0) { return longest_common_subsequence(a.substring(1), b); } else { return a.charAt(0) + longest_common_subsequence(a.substring(1), b); }	return a.charAt(0) + longest_common_subsequence(a.substring(1), b.substring(1));
18	if (longest_common_subsequence(a.substring(1), b)!= null) { return a.charAt(0) + longest_common_subsequence(a.substring(1), b); }	return a.charAt(0) + longest_common_subsequence(a.substring(1), b.substring(1));
18	if (a.length() > b.length()) { return a.charAt(0) + longest_common_subsequence(a.substring(1), b); } return a.length() >= b.length()? b : b;	return a.charAt(0) + longest_common_subsequence(a.substring(1), b.substring(1));
18	if (a.length() > 0) { return longest_common_subsequence(a.substring(1), b); } return a.charAt(0) + longest_common_subsequence(a.substring(1), b);	return a.charAt(0) + longest_common_subsequence(a.substring(1), b.substring(1));
18	if (longest_common_subsequence(a.substring(1), b)) { return a.charAt(0) + longest_common_subsequence(a.substring(1), b); }	return a.charAt(0) + longest_common_subsequence(a.substring(1), b.substring(1));
18	if (a.charAt(0) == b.charAt(1)) { return a.charAt(0) + longest_common_subsequence(a.substring(1), b); }	return a.charAt(0) + longest_common_subsequence(a.substring(1), b.substring(1));
18	if (a.length() > b.length()) { return a.charAt(0) + longest_common_subsequence(a.substring(1), b); }	return a.charAt(0) + longest_common_subsequence(a.substring(1), b.substring(1));
18	if (a.length() > 0) { return a.charAt(0) + longest_common_subsequence(a.substring(1), b); } else { return a.length() >= b.length()? b : b; }	return a.charAt(0) + longest_common_subsequence(a.substring(1), b.substring(1));
18	if (a.length() > b.length()) { return a.charAt(0) + longest_common_subsequence(a.substring(1), b); } else { return a.charAt(0); }	return a.charAt(0) + longest_common_subsequence(a.substring(1), b.substring(1));
18	if (a.length() > 0) { return a.charAt(0) + longest_common_subsequence(a.substring(1), b); } return a.length() >= b.length()? b : b;	return a.charAt(0) + longest_common_subsequence(a.substring(1), b.substring(1));
18	if (a.charAt(0) == b.charAt(0)) { return a.charAt(0) + longest_common_subsequence(a.substring(1), b); }	return a.charAt(0) + longest_common_subsequence(a.substring(1), b.substring(1));
18	if (a.length() == b.length()) { return a.charAt(0) + longest_common_subsequence(a.substring(1), b); }	return a.charAt(0) + longest_common_subsequence(a.substring(1), b.substring(1));
18	if (a.length() >= b.length()) { return a.charAt(0) + longest_common_subsequence(a.substring(1), b); }	return a.charAt(0) + longest_common_subsequence(a.substring(1), b.substring(1));
18	= longest_common_subsequence(a.substring(1), b); return a.charAt(0) + longest_common_subsequence(a.substring(1), b);	return a.charAt(0) + longest_common_subsequence(a.substring(1), b.substring(1));
18	if (a.length() > 0) { return a.charAt(0) + longest_common_subsequence(a.substring(1), b); }	return a.charAt(0) + longest_common_subsequence(a.substring(1), b.substring(1));
18	if (a.charAt(0)!= b.charAt(1)) { return a.charAt(0) + longest_common_subsequence(a.substring(1), b); }	return a.charAt(0) + longest_common_subsequence(a.substring(1), b.substring(1));
18	return a.charAt(0) + longest_common_subsequence(a.substring(1), b.substring(1));	return a.charAt(0) + longest_common_subsequence(a.substring(1), b.substring(1));
18	return a.charAt(0) + longest_common_subsequence(a.substring(1), b);	return a.charAt(0) + longest_common_subsequence(a.substring(1), b.substring(1));
18	if (a.length() > 0) { return longest_common_subsequence(a.substring(1), b); } return a.charAt(0);	return a.charAt(0) + longest_common_subsequence(a.substring(1), b.substring(1));
18	if (b.length() > 0) { return a.charAt(0) + longest_common_subsequence(a.substring(1), b); }	return a.charAt(0) + longest_common_subsequence(a.substring(1), b.substring(1));
18	if (b!= null) { return a.charAt(0) + longest_common_subsequence(a.substring(1), b); }	return a.charAt(0) + longest_common_subsequence(a.substring(1), b.substring(1));
18	if (a.length() > 1) { return a.charAt(0) + longest_common_subsequence(a.substring(1), b); }	return a.charAt(0) + longest_common_subsequence(a.substring(1), b.substring(1));
18	return a.charAt(0) + longest_common_subsequence(a.substring(1), b.length());	return a.charAt(0) + longest_common_subsequence(a.substring(1), b.substring(1));
18	return a.charAt(0) + longest_common_subsequence(a.substring(1), b.substring(2));	return a.charAt(0) + longest_common_subsequence(a.substring(1), b.substring(1));
18	return a.charAt(0) + longest_common_subsequence(a.substring(1), b.charAt(0));	return a.charAt(0) + longest_common_subsequence(a.substring(1), b.substring(1));
18	return a.charAt(0) + longest_common_subsequence(a.substring(1));	return a.charAt(0) + longest_common_subsequence(a.substring(1), b.substring(1));
18	if (a.length() > 0) { return longest_common_subsequence(a.substring(1), b); }	return a.charAt(0) + longest_common_subsequence(a.substring(1), b.substring(1));
18	.charAt(0) + longest_common_subsequence(a.substring(1), b);	return a.charAt(0) + longest_common_subsequence(a.substring(1), b.substring(1));
18	return longest_common_subsequence(a.substring(1), b);	return a.charAt(0) + longest_common_subsequence(a.substring(1), b.substring(1));
18	;	return a.charAt(0) + longest_common_subsequence(a.substring(1), b.substring(1));
22	if (perm.get(j) < perm.get(i+1)) {	if (perm.get(j) > perm.get(i)) {
22	if (perm.get(j) < perm.get(i+1)) {	if (perm.get(j) > perm.get(i)) {
22	if (perm.get(i) < perm.get(i+1)) {	if (perm.get(j) > perm.get(i)) {
22	if (perm.get(j) < perm.get(j+1)) {	if (perm.get(j) > perm.get(i)) {
22	if (perm.get(j) < perm.get(j)) {	if (perm.get(j) > perm.get(i)) {
22	if (perm.get(i) < perm.get(i)) {	if (perm.get(j) > perm.get(i)) {
22	if (perm.get(j) < perm.get(j)) {	if (perm.get(j) > perm.get(i)) {
22	if (perm.get(i) < perm.get(i+1)) {	if (perm.get(j) > perm.get(i)) {
22	if (perm.get(j) > perm.get(i)) {	if (perm.get(j) > perm.get(i)) {
22	if (perm.get(j) > perm.get(i+1)) {	if (perm.get(j) > perm.get(i)) {
22	if (perm.get(i+1) < perm.get(j)) {	if (perm.get(j) > perm.get(i)) {
22	if (perm.get(i) < perm.get(j)) {	if (perm.get(j) > perm.get(i)) {
22	if (perm.get(j) < perm.get(i)) {	if (perm.get(j) > perm.get(i)) {
22	if (perm.get(j) < perm.get(i)) {	if (perm.get(j) > perm.get(i)) {
22	if (perm.get(j) < perm.get(j+1)) {	if (perm.get(j) > perm.get(i)) {
22	if (perm.get(j) < perm.get(i + 1)) {	if (perm.get(j) > perm.get(i)) {
22	if (next_perm.get(j) < perm.get(i+1)) {	if (perm.get(j) > perm.get(i)) {
22	if (perm.get(i) < perm.get(i)) {	if (perm.get(j) > perm.get(i)) {
22	if (perm.get(i) < perm.get(j)) {	if (perm.get(j) > perm.get(i)) {
22	if (perm.get(j) < perm.get(i) && perm.get(i+1)) {	if (perm.get(j) > perm.get(i)) {
22	if (perm.get(j) > perm.get(i)) {	if (perm.get(j) > perm.get(i)) {
22	if (perm.get(j) < perm.get(j) && perm.get(i+1)) {	if (perm.get(j) > perm.get(i)) {
22	if (perm.get(j) < perm.get(i) && perm.size() > i) {	if (perm.get(j) > perm.get(i)) {
22	if (perm.get(i+1) < perm.get(j)) {	if (perm.get(j) > perm.get(i)) {
22	if (perm.get(j) > perm.get(i+1)) {	if (perm.get(j) > perm.get(i)) {
22	if (perm.get(j) < perm.get(j) && perm.size() > i) {	if (perm.get(j) > perm.get(i)) {
22	if (perm.get(j) < perm.get(j) || perm.get(i+1)) {	if (perm.get(j) > perm.get(i)) {
22	if (perm.get(j) < perm.get(i) && perm!= null) {	if (perm.get(j) > perm.get(i)) {
22	if (perm.get(j) < perm.get(i + 1)) {	if (perm.get(j) > perm.get(i)) {
22	if (next_perm.get(j) < perm.get(i)) {	if (perm.get(j) > perm.get(i)) {
30	weight_by_edge.put(edge.get(0), update_weight);	weight_by_node.put(edge.get(1), update_weight);
30	weight_by_edge.put(edge, update_weight);	weight_by_node.put(edge.get(1), update_weight);
30	weight_by_edge.put(edge.get(0), weight_by_node);	weight_by_node.put(edge.get(1), update_weight);
30	weight_by_edge.put(edge, weight_by_node.get(0));	weight_by_node.put(edge.get(1), update_weight);
30	weight_by_edge.put(edge.get(1), update_weight);	weight_by_node.put(edge.get(1), update_weight);
30	weight_by_edge.put(edge, weight_by_node);	weight_by_node.put(edge.get(1), update_weight);
30	weight_by_edge.put(edge, update_weight.get(0));	weight_by_node.put(edge.get(1), update_weight);
30	weight_by_edge.put(edge.get(1), weight_by_node);	weight_by_node.put(edge.get(1), update_weight);
30	weight_by_edge.put(edge, update_weight.toString());	weight_by_node.put(edge.get(1), update_weight);
30	weight_by_edge.put(weight_by_edge.get(0), update_weight);	weight_by_node.put(edge.get(1), update_weight);
30	weight_by_edge.put(edge, update_weight & 0xFF);	weight_by_node.put(edge.get(1), update_weight);
30	weight_by_edge.put(edge.get(0), update_weight);	weight_by_node.put(edge.get(1), update_weight);
30	weight_by_edge.put(weight_by_node, update_weight);	weight_by_node.put(edge.get(1), update_weight);
30	weight_by_edge.put(edge.get(0), update_weight.get(0));	weight_by_node.put(edge.get(1), update_weight);
30	weight_by_edge.put(edge, update_weight.clone());	weight_by_node.put(edge.get(1), update_weight);
30	weight_by_edge.put(edge, update_weight) { }	weight_by_node.put(edge.get(1), update_weight);
30	weight_by_edge.put(weight_by_edge, update_weight);	weight_by_node.put(edge.get(1), update_weight);
30	weight_by_edge.put(edge, weight_by_node.size());	weight_by_node.put(edge.get(1), update_weight);
30	weight_by_edge.put(edge, weight_by_node.get(1));	weight_by_node.put(edge.get(1), update_weight);
30	weight_by_edge.put(edge.get(0), weight_by_node);	weight_by_node.put(edge.get(1), update_weight);
30	weight_by_edge.put(edge, update_weight & 0xff);	weight_by_node.put(edge.get(1), update_weight);
30	weight_by_edge.put(edge, update_weight & 0xFFFF);	weight_by_node.put(edge.get(1), update_weight);
30	weight_by_edge.put(edge, update_weight.get(1));	weight_by_node.put(edge.get(1), update_weight);
30	weight_by_edge.put(edge, weight_by_weight);	weight_by_node.put(edge.get(1), update_weight);
30	weight_by_edge.put(edge, update_weight, weight_by_weight);	weight_by_node.put(edge.get(1), update_weight);
30	weight_by_edge.put(edge.get(0), weight_by_weight);	weight_by_node.put(edge.get(1), update_weight);
30	weight_by_node.put(edge, update_weight);	weight_by_node.put(edge.get(1), update_weight);
30	weight_by_edge.put(edge, update_weight.size());	weight_by_node.put(edge.get(1), update_weight);
30	weight_by_edge.put(weight, update_weight);	weight_by_node.put(edge.get(1), update_weight);
30	weight_by_edge.put(edge, update_weight);	weight_by_node.put(edge.get(1), update_weight);
29	length_by_path.get(Arrays.asList(i,j)) + length_by_path.get(Arrays.asList(j,k)));	length_by_path.get(Arrays.asList(i,k)) + length_by_path.get(Arrays.asList(k,j)));
29	length_by_path.get(Arrays.asList(i,j)) + length_by_path.get(Arrays.asList(j,j)));	length_by_path.get(Arrays.asList(i,k)) + length_by_path.get(Arrays.asList(k,j)));
29	length_by_path.get(Arrays.asList(i,k)) + length_by_path.get(Arrays.asList(j,k)));	length_by_path.get(Arrays.asList(i,k)) + length_by_path.get(Arrays.asList(k,j)));
29	length_by_path.get(Arrays.asList(i,j)), length_by_path.get(Arrays.asList(j,k)));	length_by_path.get(Arrays.asList(i,k)) + length_by_path.get(Arrays.asList(k,j)));
29	length_by_path.get(Arrays.asList(i,j)) + length_by_path.get(Arrays.asList(i,j)));	length_by_path.get(Arrays.asList(i,k)) + length_by_path.get(Arrays.asList(k,j)));
29	length_by_path.put(Arrays.asList(i,j)) + length_by_path.get(Arrays.asList(j,k)));	length_by_path.get(Arrays.asList(i,k)) + length_by_path.get(Arrays.asList(k,j)));
29	length_by_path.get(Arrays.asList(j,j)) + length_by_path.get(Arrays.asList(i,j)));	length_by_path.get(Arrays.asList(i,k)) + length_by_path.get(Arrays.asList(k,j)));
29	length_by_path.put(Arrays.asList(i,j)), length_by_path.get(Arrays.asList(j,k)));	length_by_path.get(Arrays.asList(i,k)) + length_by_path.get(Arrays.asList(k,j)));
29	length_by_path.get(Arrays.asList(i,k)), length_by_path.get(Arrays.asList(j,k)));	length_by_path.get(Arrays.asList(i,k)) + length_by_path.get(Arrays.asList(k,j)));
29	length_by_path.get(Arrays.asList(i,j), length_by_path.get(Arrays.asList(j,k)));	length_by_path.get(Arrays.asList(i,k)) + length_by_path.get(Arrays.asList(k,j)));
29	length_by_path.put(Arrays.asList(i,j), length_by_path.get(Arrays.asList(j,k)));	length_by_path.get(Arrays.asList(i,k)) + length_by_path.get(Arrays.asList(k,j)));
29	length_by_path.get(Arrays.asList(i,j)) + length_by_path.get(Arrays.asList(i,k)));	length_by_path.get(Arrays.asList(i,k)) + length_by_path.get(Arrays.asList(k,j)));
29	length_by_path.get(Arrays.asList(i,j)) + length_by_path.get(Arrays.asList(j,k));	length_by_path.get(Arrays.asList(i,k)) + length_by_path.get(Arrays.asList(k,j)));
29	length_by_path.get(Arrays.asList(i,j), length_by_path.get(Arrays.asList(j,k))));	length_by_path.get(Arrays.asList(i,k)) + length_by_path.get(Arrays.asList(k,j)));
29	length_by_path.get(Arrays.asList(i,j)), length_by_path.get(Arrays.asList(j,j)));	length_by_path.get(Arrays.asList(i,k)) + length_by_path.get(Arrays.asList(k,j)));
29	length_by_path.get(Arrays.asList(i,k)) + length_by_path.get(Arrays.asList(i,k)));	length_by_path.get(Arrays.asList(i,k)) + length_by_path.get(Arrays.asList(k,j)));
29	length_by_path.get(Arrays.asList(i,j)) + length_by_path.get(Arrays.asList(j,k)));	length_by_path.get(Arrays.asList(i,k)) + length_by_path.get(Arrays.asList(k,j)));
29	length_by_path.get(Arrays.asList(j,i)) + length_by_path.get(Arrays.asList(j,k)));	length_by_path.get(Arrays.asList(i,k)) + length_by_path.get(Arrays.asList(k,j)));
29	length_by_path.put(Arrays.asList(i,j)) + length_by_path.get(Arrays.asList(j,j)));	length_by_path.get(Arrays.asList(i,k)) + length_by_path.get(Arrays.asList(k,j)));
29	length_by_path.get(Arrays.asList(j,k)) + length_by_path.get(Arrays.asList(i,j)));	length_by_path.get(Arrays.asList(i,k)) + length_by_path.get(Arrays.asList(k,j)));
29	length_by_path.get(Arrays.asList(i,j)) + length_by_path.get(Arrays.asList(j,i)));	length_by_path.get(Arrays.asList(i,k)) + length_by_path.get(Arrays.asList(k,j)));
29	length_by_path.get(Arrays.asList(j,j)) + length_by_path.get(Arrays.asList(j,k)));	length_by_path.get(Arrays.asList(i,k)) + length_by_path.get(Arrays.asList(k,j)));
29	width_by_path.get(Arrays.asList(i,j)) + length_by_path.get(Arrays.asList(j,k)));	length_by_path.get(Arrays.asList(i,k)) + length_by_path.get(Arrays.asList(k,j)));
29	length_by_path.get(Arrays.asList(i,j)));	length_by_path.get(Arrays.asList(i,k)) + length_by_path.get(Arrays.asList(k,j)));
29	length_by_path.get(Arrays.asList(i,j)) + length_by_path.get(Arrays.asList(j,k)))	length_by_path.get(Arrays.asList(i,k)) + length_by_path.get(Arrays.asList(k,j)));
29	length_by_path.get(Arrays.asList(i,j)).get(Arrays.asList(j,k)));	length_by_path.get(Arrays.asList(i,k)) + length_by_path.get(Arrays.asList(k,j)));
29	length_by_path.get(Arrays.asList(i,j)) + Arrays.asList(j,k));	length_by_path.get(Arrays.asList(i,k)) + length_by_path.get(Arrays.asList(k,j)));
29	length_by_path.get(Arrays.asList(i,k)));	length_by_path.get(Arrays.asList(i,k)) + length_by_path.get(Arrays.asList(k,j)));
29	length_by_path.remove(Arrays.asList(i,j)));	length_by_path.get(Arrays.asList(i,k)) + length_by_path.get(Arrays.asList(k,j)));
29	length_by_path.put(Arrays.asList(i,j)));	length_by_path.get(Arrays.asList(i,k)) + length_by_path.get(Arrays.asList(k,j)));
11	steps.add(new Pair < Integer,Integer>(start, helper));	steps.add(new Pair < Integer,Integer>(start, end));
11	steps.add(new Pair < Integer,Integer>(start, helper));	steps.add(new Pair < Integer,Integer>(start, end));
11	.add(new Pair < Integer,Integer>(start, helper));	steps.add(new Pair < Integer,Integer>(start, end));
11	steps.add(new Pair < Integer,Integer>(start, helper, end));	steps.add(new Pair < Integer,Integer>(start, end));
11	step_set.add(new Pair < Integer,Integer>(start, helper));	steps.add(new Pair < Integer,Integer>(start, end));
11	steps.add(new Pair < Integer,Integer>(start, helper, end));	steps.add(new Pair < Integer,Integer>(start, end));
11	steps.add(new Pair < Integer,Integer>(start));	steps.add(new Pair < Integer,Integer>(start, end));
11	steps.add(new Pair < Integer,Integer>(start));	steps.add(new Pair < Integer,Integer>(start, end));
11	steps.add(new Pair < Integer,Integer>(height-1, helper));	steps.add(new Pair < Integer,Integer>(start, end));
11	steps.add(new Pair < Integer,Integer>(height, start, helper));	steps.add(new Pair < Integer,Integer>(start, end));
11	steps.add(new Pair < Integer,Integer>(start, helper, 0));	steps.add(new Pair < Integer,Integer>(start, end));
11	steps.add(new Pair < Integer,Integer>(start, helper, start));	steps.add(new Pair < Integer,Integer>(start, end));
11	s.add(new Pair < Integer,Integer>(start, helper));	steps.add(new Pair < Integer,Integer>(start, end));
11	steps.add(new Pair < Integer,Integer>(height-1, helper));	steps.add(new Pair < Integer,Integer>(start, end));
11	; steps.add(new Pair < Integer,Integer>(start, helper));	steps.add(new Pair < Integer,Integer>(start, end));
11	step.add(new Pair < Integer,Integer>(start, helper));	steps.add(new Pair < Integer,Integer>(start, end));
11	steps.add(new Pair < Integer,Integer>(start, helper, start));	steps.add(new Pair < Integer,Integer>(start, end));
11	steps.add(new Pair < Integer,Integer>(helper, start));	steps.add(new Pair < Integer,Integer>(start, end));
11	steps.add(new Pair < Integer, Integer>(start, helper));	steps.add(new Pair < Integer,Integer>(start, end));
11	step = new Pair < Integer,Integer>(start, helper); steps.add(step);	steps.add(new Pair < Integer,Integer>(start, end));
11	steps.add(new Pair < Integer,Integer>(start, helper)));	steps.add(new Pair < Integer,Integer>(start, end));
11	steps.add(new Pair < Integer,Integer>(start, helper + 1));	steps.add(new Pair < Integer,Integer>(start, end));
11	steps.add(new Pair < Integer,Integer>(start, helper)));	steps.add(new Pair < Integer,Integer>(start, end));
11	steps.add(new Pair < Integer,Integer>(start, helper, this));	steps.add(new Pair < Integer,Integer>(start, end));
11	steps.add(new Pair < >(start, helper));	steps.add(new Pair < Integer,Integer>(start, end));
11	steps.add(new Pair < Integer,Integer>());	steps.add(new Pair < Integer,Integer>(start, end));
11	steps.add(new Pair < Integer,Integer>(start, helper, length));	steps.add(new Pair < Integer,Integer>(start, end));
11	steps.add(new Pair < >(start, helper));	steps.add(new Pair < Integer,Integer>(start, end));
11	.add(new Pair < Integer,Integer>(start));	steps.add(new Pair < Integer,Integer>(start, end));
11	steps.add(new Pair < Integer,Integer>(start)); steps.add(start);	steps.add(new Pair < Integer,Integer>(start, end));
27	c = bin_op.apply((Double) token);	c = bin_op.apply(b,a);
27	c = bin_op.apply(token,b);	c = bin_op.apply(b,a);
27	c = bin_op.apply(a,b);	c = bin_op.apply(b,a);
27	c = bin_op.apply(token);	c = bin_op.apply(b,a);
27	c = bin_op.apply((Double) token,b);	c = bin_op.apply(b,a);
27	c = bin_op.apply((Double) op.get(token));	c = bin_op.apply(b,a);
27	c = bin_op.apply(Token.class.getName(), a,b);	c = bin_op.apply(b,a);
27	c = bin_op.apply((Double) op.clone());	c = bin_op.apply(b,a);
27	c = bin_op.apply(b,a);	c = bin_op.apply(b,a);
27	if (b > 0) { c = bin_op.apply(a,b); }	c = bin_op.apply(b,a);
27	c = bin_op.apply((double) a,(double) b);	c = bin_op.apply(b,a);
27	c = bin_op.apply(b, a);	c = bin_op.apply(b,a);
27	c = bin_op.apply((Double) token);	c = bin_op.apply(b,a);
27	c = bin_op.apply(token,b);	c = bin_op.apply(b,a);
27	c = bin_op.apply(new Double(a,b));	c = bin_op.apply(b,a);
27	c = bin_op.apply(token,a);	c = bin_op.apply(b,a);
27	c = bin_op.apply(stack.pop(), a,b);	c = bin_op.apply(b,a);
27	c = bin_op.apply(a,b);	c = bin_op.apply(b,a);
27	c = bin_op.apply((Double) a,b);	c = bin_op.apply(b,a);
27	c = bin_op.apply((double) a,b);	c = bin_op.apply(b,a);
27	c = bin_op.apply(token,a,b);	c = bin_op.apply(b,a);
27	c = bin_op.apply((Double) token,b);	c = bin_op.apply(b,a);
27	c = bin_op.apply(a,b); stack.push(c);	c = bin_op.apply(b,a);
27	c = bin_op.apply((Double) token,a);	c = bin_op.apply(b,a);
27	c = bin_op.apply((double) token,b);	c = bin_op.apply(b,a);
27	c = bin_op.apply(token);	c = bin_op.apply(b,a);
27	c = bin_op.apply(op,b);	c = bin_op.apply(b,a);
27	c = bin_op.apply(token, a);	c = bin_op.apply(b,a);
27	c = bin_op.get(token);	c = bin_op.apply(b,a);
27	c = bin_op.apply(b);	c = bin_op.apply(b,a);
24	if (total >= 0) {	if (total < 0 ||coins.length==0) {
24	if (total >= 0) {	if (total < 0 ||coins.length==0) {
24	if (total > 0) {	if (total < 0 ||coins.length==0) {
24	if (total > 0) {	if (total < 0 ||coins.length==0) {
24	if (total < = 0) {	if (total < 0 ||coins.length==0) {
24	if (total < = 0) {	if (total < 0 ||coins.length==0) {
24	if (total < 1) {	if (total < 0 ||coins.length==0) {
24	if (total == 0) {	if (total < 0 ||coins.length==0) {
24	if (total > 1) {	if (total < 0 ||coins.length==0) {
24	if (total < 1) {	if (total < 0 ||coins.length==0) {
24	if (total < 0 && total > 1) {	if (total < 0 ||coins.length==0) {
24	if (total > 1) {	if (total < 0 ||coins.length==0) {
24	if (total == 0) {	if (total < 0 ||coins.length==0) {
24	if (total!= 0) {	if (total < 0 ||coins.length==0) {
24	if (total < 0 || total > 1) {	if (total < 0 ||coins.length==0) {
24	if (total < 0 || total > 1) {	if (total < 0 ||coins.length==0) {
24	if (total!= 0) {	if (total < 0 ||coins.length==0) {
24	if (total < = 1) {	if (total < 0 ||coins.length==0) {
24	if (total < = 1) {	if (total < 0 ||coins.length==0) {
24	if (total + 1 < = 0) {	if (total < 0 ||coins.length==0) {
24	if (total == -1) {	if (total < 0 ||coins.length==0) {
24	if (total < 0) {	if (total < 0 ||coins.length==0) {
24	if (total >= 1) {	if (total < 0 ||coins.length==0) {
24	if (total>0) {	if (total < 0 ||coins.length==0) {
24	if (total < 0) {	if (total < 0 ||coins.length==0) {
24	if (total>0) {	if (total < 0 ||coins.length==0) {
24	if (total < 2) {	if (total < 0 ||coins.length==0) {
24	if (total >= 1) {	if (total < 0 ||coins.length==0) {
24	if (total < 2) {	if (total < 0 ||coins.length==0) {
24	if (total > 2) {	if (total < 0 ||coins.length==0) {
15	if (k >= num_lessoreq) { return kth(above, k); } else if (k >= num_lessoreq) { return kth(below, k); } else if (k >= num_lessoreq) { return kth(	return kth(above, k-num_lessoreq);
15	if (k >= num_lessoreq) { return kth(above, k); } else if (k >= num_lessoreq) { return kth(below, k); } else { return kth(num_lessoreq, k); }	return kth(above, k-num_lessoreq);
15	if (k >= num_lessoreq) { return kth(above, k); } else if (k >= num_lessoreq) { return kth(below, k); } else if (k >= num_lessoreq) { return kth	return kth(above, k-num_lessoreq);
15	if (k >= num_lessoreq) { return kth(above, k); } else if (k >= num_lessoreq) { return kth(below, k); }	return kth(above, k-num_lessoreq);
15	if (num_lessoreq >= num_lessoreq) { return kth(above, k); } else if (k >= num_lessoreq) { return kth(below, k); } else { return kth(num_lessoreq, k); }	return kth(above, k-num_lessoreq);
15	if (k >= num_lessoreq) { return kth(below, k); } else if (k >= num_lessoreq) { return kth(below, k); } else if (k >= num_lessoreq) { return kth(	return kth(above, k-num_lessoreq);
15	if (k >= num_lessoreq) { return kth(above, k); } else if (k >= num_lessoreq) { return kth(below, k); } else if (k >= num_lessoreq) { return	return kth(above, k-num_lessoreq);
15	if (k >= num_lessoreq) { return kth(above, k); } else if (k >= num_lessoreq) { return kth(better, k); } else { return kth(better, k); }	return kth(above, k-num_lessoreq);
15	if (num_lessoreq >= num_lessoreq) { return kth(above, k); } else if (k >= num_lessoreq) { return kth(below, k); } else if (k >= num_lessoreq) { return	return kth(above, k-num_lessoreq);
15	if (num_lessoreq >= num_lessoreq) { return kth(above, k); } else if (k >= num_lessoreq) { return kth(below, k); }	return kth(above, k-num_lessoreq);
15	if (k >= num_lessoreq) { return kth(above, k); } else if (k >= num_lessoreq) { return kth(below, k); } else if (k >= num_lessoreq) { return num_lessoreq	return kth(above, k-num_lessoreq);
15	if (k >= num_lessoreq) { return kth(above, k); } else if (k >= num_lessoreq) { return kth(num_lessoreq, k); }	return kth(above, k-num_lessoreq);
15	if (k >= num_lessoreq) { return kth(below, k); } else if (k >= num_lessoreq) { return kth(num_lessoreq, k); }	return kth(above, k-num_lessoreq);
15	if (num_lessoreq >= num_lessoreq) { return kth(above, k); } else if (k >= num_lessoreq) { return kth(num_lessoreq, k); }	return kth(above, k-num_lessoreq);
15	if (num_lessoreq >= num_lessoreq) { return kth(below, k); } else if (k >= num_lessoreq) { return kth(num_lessoreq, k); }	return kth(above, k-num_lessoreq);
15	if (num_lessoreq >= num_lessoreq) { return kth(above, k); } else { return kth(num_lessoreq, k); }	return kth(above, k-num_lessoreq);
15	if (k >= num_lessoreq) { return kth(below, k); } else if (k >= num_lessoreq) { return kth(below, k); }	return kth(above, k-num_lessoreq);
15	if (k >= num_lessoreq) { return kth(above, k); } else { return kth(num_lessoreq, k); }	return kth(above, k-num_lessoreq);
15	if (k >= num_lessoreq) { return kth(above, k); } else if (k >= num_lessoreq) { return kth(below, k); } else { return kth(	return kth(above, k-num_lessoreq);
15	if (num_lessoreq >= num_lessoreq) { return kth(below, k); } else { return kth(num_lessoreq, k); }	return kth(above, k-num_lessoreq);
15	if (num_lessoreq >= num_lessoreq) { return kth(above, k); } else if (k >= num_lessoreq) { return kth(below, k); } else { return kth(	return kth(above, k-num_lessoreq);
15	if (k >= num_lessoreq) { return kth(below, k); } else { return kth(num_lessoreq, k); }	return kth(above, k-num_lessoreq);
15	if (k >= num_lessoreq) { return kth(above, k); } else { return kth(below, k); }	return kth(above, k-num_lessoreq);
15	if (k > num_lessoreq) { return kth(above, k); } else if (k >= num_lessoreq) { return kth(below, k); }	return kth(above, k-num_lessoreq);
15	if (num_lessoreq >= num_lessoreq) { return kth(above, k); } else { return kth(below, k); }	return kth(above, k-num_lessoreq);
15	if (k >= num_lessoreq) { return kth(above, k); }	return kth(above, k-num_lessoreq);
15	return kth(below, k);	return kth(above, k-num_lessoreq);
15	; return kth(below, k);	return kth(above, k-num_lessoreq);
15	kth(below, k);	return kth(above, k-num_lessoreq);
15	;	return kth(above, k-num_lessoreq);
35	if (end == -1) { end = text.substring(0,end); }	lines.add(text);
35	if (end == -1) { end = text.length(); }	lines.add(text);
35	if (end >= 0) { end = text.substring(0,end); }	lines.add(text);
35	if (end >= -1) { end = text.substring(0,end); }	lines.add(text);
35	if (end == -1) { end = text.substring(0,end); }	lines.add(text);
35	if (end == -1) { end = text.substring(0, end); }	lines.add(text);
35	if (end == 0) { end = text.substring(0,end); }	lines.add(text);
35	if (end == -1) { end = cols; }	lines.add(text);
35	if (end < 0) { end = text.substring(0,end); }	lines.add(text);
35	if (end >= text.length()) { end = text.length(); }	lines.add(text);
35	if (end == -1) { end = text.trim(); }	lines.add(text);
35	if (end >= 0) { end = text.length(); }	lines.add(text);
35	if (end == -1) { end = text.substring(1,end); }	lines.add(text);
35	if (end == -1) { end = end; }	lines.add(text);
35	if (end < 0) { end = text.length(); }	lines.add(text);
35	if (end > text.length()) { end = text.length(); }	lines.add(text);
35	if (end >= -1) { end = text.length(); }	lines.add(text);
35	"if (end == -1) { end = "" ""; }"	lines.add(text);
35	if (end == -1) { end = -1; }	lines.add(text);
35	if (text == null) { return null; }	lines.add(text);
35	line = text.substring(0,end);	lines.add(text);
35	= text.substring(0,end);	lines.add(text);
35	text = text.substring(0,end);	lines.add(text);
35	line = text.substring(0,end);	lines.add(text);
35	result = text.substring(0,end);	lines.add(text);
35	|= text.length();	lines.add(text);
35	= text.length();	lines.add(text);
35	= text.trim();	lines.add(text);
35	;	lines.add(text);
35	|= end;	lines.add(text);
12	if (depth > 0) { return false; }	return depth==0;
12	if (depth > 0) { return false; } return true;	return depth==0;
12	if (depth > 0) { return false; } return false;	return depth==0;
12	if (depth > 0) { return true; }	return depth==0;
12	if (depth > 0) { return true; } return false;	return depth==0;
12	if (depth < 0) { return false; } return true;	return depth==0;
12	if (depth > 0) { return true; } return true;	return depth==0;
12	if (depth >= 0) { return false; }	return depth==0;
12	if (depth < 0) { return false; }	return depth==0;
12	if (depth < 0) { return false; } return false;	return depth==0;
12	if (depth == 0) { return false; }	return depth==0;
12	if (depth >= 0) { return true; }	return depth==0;
12	if (depth > depth) { return false; } return true;	return depth==0;
12	if (paren == null) { return false; }	return depth==0;
12	if (depth < 0) { return true; }	return depth==0;
12	if (depth > depth) { return false; }	return depth==0;
12	if (depth > depth) { return true; }	return depth==0;
12	return false;	return depth==0;
12	!= null;	return depth==0;
12	result = true; return result;	return depth==0;
12	return true;	return depth==0;
12	result = false;	return depth==0;
12	false; return false;	return depth==0;
12	result = true;	return depth==0;
12	++i;	return depth==0;
12	; return false;	return depth==0;
12	false;	return depth==0;
12	;	return depth==0;
12	nan	return depth==0;
12	= true;	return depth==0;
1	n = (n ^ (n - 1));	n = (n & (n - 1));
1	n = (n ^ (n - 1)) & 0xFF;	n = (n & (n - 1));
1	n = (n ^ (n - 1) & 0xFF);	n = (n & (n - 1));
1	n = (n ^ = (n - 1));	n = (n & (n - 1));
1	n = n ^ (n - 1) & 0xFF;	n = (n & (n - 1));
1	n = (n < (n - 1)) & 0xFF;	n = (n & (n - 1));
1	n = (n ^ (n - 1) & 0xff);	n = (n & (n - 1));
1	n = n ^ (n - 1);	n = (n & (n - 1));
1	n = n ^ (n - 1) & 0xff;	n = (n & (n - 1));
1	n = (n < = (n - 1));	n = (n & (n - 1));
1	n = (n ^ (n - 1) & 0xFFFF);	n = (n & (n - 1));
1	n = (n < (n - 1));	n = (n & (n - 1));
1	n = (n ^ (n - 1) && count > 0);	n = (n & (n - 1));
1	n = (n < (n - 1) && count > 0);	n = (n & (n - 1));
1	n = n ^ (n - 1) && count > 0;	n = (n & (n - 1));
1	n = (n ^ 0);	n = (n & (n - 1));
1	n = (n ^ (n - 1) + 1);	n = (n & (n - 1));
1	n += (n ^ (n - 1));	n = (n & (n - 1));
1	n = (n ^ (n + 1));	n = (n & (n - 1));
1	n = (n ^ n);	n = (n & (n - 1));
1	n = (n ^ (n - 2));	n = (n & (n - 1));
1	n = n < (n - 1);	n = (n & (n - 1));
1	n = n ^ (n - 1);	n = (n & (n - 1));
1	n = (n ^ (n));	n = (n & (n - 1));
1	n = (n ^ = n);	n = (n & (n - 1));
1	n = (n < 0);	n = (n & (n - 1));
1	(n ^ (n - 1));	n = (n & (n - 1));
1	n = n;	n = (n & (n - 1));
1	;	n = (n & (n - 1));
1		n = (n & (n - 1));
6	while (lo < = mid) {	while (lo < hi) {
6	while (lo >= hi) {	while (lo < hi) {
6	if (lo < = hi) {	while (lo < hi) {
6	while (lo < = hi) {	while (lo < hi) {
6	if (lo >= hi) {	while (lo < hi) {
6	while (lo < hi) {	while (lo < hi) {
6	while (lo < mid) {	while (lo < hi) {
6	while (lo < = arr.length) {	while (lo < hi) {
6	while (lo < = hi && mid > 1) {	while (lo < hi) {
6	while (lo < 0) {	while (lo < hi) {
6	while (lo > hi) {	while (lo < hi) {
6	if (lo < = mid) {	while (lo < hi) {
6	while (lo < arr.length) {	while (lo < hi) {
6	if (lo < 0) {	while (lo < hi) {
6	while (lo < = arr[mid]) {	while (lo < hi) {
6	if (lo > hi) {	while (lo < hi) {
6	if (lo < = hi) { return mid;	while (lo < hi) {
6	if (lo < hi) {	while (lo < hi) {
6	while (lo + hi >= 0) {	while (lo < hi) {
6	if (lo!= hi) {	while (lo < hi) {
6	while (lo < 0 || mid > hi) {	while (lo < hi) {
6	while (lo < = hi) {	while (lo < hi) {
6	while (lo < = hi || mid > mid) {	while (lo < hi) {
6	while (lo < 0 || lo > hi) {	while (lo < hi) {
6	if (lo == hi) {	while (lo < hi) {
6	while (lo < = hi + 1) {	while (lo < hi) {
6	while (lo + hi >= mid) {	while (lo < hi) {
6	if (lo < = hi) {	while (lo < hi) {
6	while (lo < (hi + 1)) {	while (lo < hi) {
6	while (lo < = hi + 1) {	while (lo < hi) {
19	max_ending_here = max_ending_here + x - 1;	max_ending_here = Math.max(0,max_ending_here + x);
19	max_ending_here = max_ending_here + x;	max_ending_here = Math.max(0,max_ending_here + x);
19	max_ending_here = max_ending_here + arr;	max_ending_here = Math.max(0,max_ending_here + x);
19	max_ending_here = max_ending_here + x + 1;	max_ending_here = Math.max(0,max_ending_here + x);
19	max_ending_here = max_ending_here + x - 1;	max_ending_here = Math.max(0,max_ending_here + x);
19	max_ending_here = max_ending_here + 1;	max_ending_here = Math.max(0,max_ending_here + x);
19	max_ending_here = max_ending_here - x;	max_ending_here = Math.max(0,max_ending_here + x);
19	max_ending_here = max_ending_here + arr + x;	max_ending_here = Math.max(0,max_ending_here + x);
19	"max_ending_here = max_ending_here + "" "" + x;"	max_ending_here = Math.max(0,max_ending_here + x);
19	max_ending_here = max_ending_here;	max_ending_here = Math.max(0,max_ending_here + x);
19	max_ending_here = max_ending_here + x;	max_ending_here = Math.max(0,max_ending_here + x);
19	max_ending_here = max_ending_here + x + 1;	max_ending_here = Math.max(0,max_ending_here + x);
19	_ending_here = max_ending_here + x;	max_ending_here = Math.max(0,max_ending_here + x);
19	max_ending_here = max_ending_here + arr;	max_ending_here = Math.max(0,max_ending_here + x);
19	max_ending_here = min_ending_here + x;	max_ending_here = Math.max(0,max_ending_here + x);
19	max_ending_here = max_ending_here - 1;	max_ending_here = Math.max(0,max_ending_here + x);
19	max_ending_here = max_ending_here + X;	max_ending_here = Math.max(0,max_ending_here + x);
19	max_ending_here = max_ending_here + 1;	max_ending_here = Math.max(0,max_ending_here + x);
19	max_ending_here = max_ending_here + x + arr;	max_ending_here = Math.max(0,max_ending_here + x);
19	max_ending_here = max_ending_here + x * 2;	max_ending_here = Math.max(0,max_ending_here + x);
19	max_ending_here = max_ending_here;	max_ending_here = Math.max(0,max_ending_here + x);
19	max_ending_here += x;	max_ending_here = Math.max(0,max_ending_here + x);
19	max_ending_here = 0;	max_ending_here = Math.max(0,max_ending_here + x);
19	max_ending_here += x;	max_ending_here = Math.max(0,max_ending_here + x);
19	max_ending_here = x;	max_ending_here = Math.max(0,max_ending_here + x);
19	max_ending_here = 0;	max_ending_here = Math.max(0,max_ending_here + x);
19	"max_ending_here = "" "";"	max_ending_here = Math.max(0,max_ending_here + x);
19	|= max_ending_here;	max_ending_here = Math.max(0,max_ending_here + x);
19	+= x;	max_ending_here = Math.max(0,max_ending_here + x);
19	nan	max_ending_here = Math.max(0,max_ending_here + x);
20	if (arr == null || arr.size() == 0) {	if (arr.size() < = 1) {
20	if (arr!= null && arr.size() == 0) {	if (arr.size() < = 1) {
20	if (middle!= null && arr.size() == 0) {	if (arr.size() < = 1) {
20	if (middle == null || arr.size() == 0) {	if (arr.size() < = 1) {
20	if (arr.size() == 0 || arr.size() == 0) {	if (arr.size() < = 1) {
20	if (!arr.isEmpty()) {	if (arr.size() < = 1) {
20	if (arr == null || arr.size() == 0) {	if (arr.size() < = 1) {
20	if (middle.size() == 0) {	if (arr.size() < = 1) {
20	if (arr.size() == 1 || arr.size() == 0) {	if (arr.size() < = 1) {
20	if (arr.size()!= 0) {	if (arr.size() < = 1) {
20	if (arr.size() == 0 || arr.size() == 0) {	if (arr.size() < = 1) {
20	if (arr.size() == 1) {	if (arr.size() < = 1) {
20	if (arr.size() == 1 && arr.size() == 0) {	if (arr.size() < = 1) {
20	if (arr.size() == 0 || arr.size() == 1) {	if (arr.size() < = 1) {
20	if (Math.abs(arr.size()) == 0) {	if (arr.size() < = 1) {
20	if (arr.size() >= 0) {	if (arr.size() < = 1) {
20	if (arr.size() == 0 && middle >= 0) {	if (arr.size() < = 1) {
20	"if (!arr.size().equals( "" "")) {"	if (arr.size() < = 1) {
20	if (arr.size() == 1 || arr.size() == 1) {	if (arr.size() < = 1) {
20	if (arr.size() == 0 || arr.size() == 1 ) {	if (arr.size() < = 1) {
20	if (arr.size() < = 0) {	if (arr.size() < = 1) {
20	if (arr.size() > 0) {	if (arr.size() < = 1) {
20	if (!arr.isEmpty()) {	if (arr.size() < = 1) {
20	if (arr.size() == -1) {	if (arr.size() < = 1) {
20	if (arr.size() == 2) {	if (arr.size() < = 1) {
20	if (alr.size() == 0) {	if (arr.size() < = 1) {
20	If (arr.size() == 0) {	if (arr.size() < = 1) {
20	if (arr == null) {	if (arr.size() < = 1) {
20	if (arr.size() == 1) {	if (arr.size() < = 1) {
20	if (arr.size() > 1) {	if (arr.size() < = 1) {
7	return binsearch(arr, x, mid, end - start);	return binsearch(arr, x, mid+1, end);
7	if (x >= arr[mid]) { return binsearch(arr, x, mid, end); }	return binsearch(arr, x, mid+1, end);
7	if (x >= arr[mid]) { return binsearch(arr, x, start, end); }	return binsearch(arr, x, mid+1, end);
7	if (x > arr[mid]) { return binsearch(arr, x, start, end); }	return binsearch(arr, x, mid+1, end);
7	if (x > arr[mid]) { return binsearch(arr, x, mid, end); }	return binsearch(arr, x, mid+1, end);
7	if (mid > arr[mid]) { return binsearch(arr, x, mid, end); }	return binsearch(arr, x, mid+1, end);
7	return binsearch(arr, x, mid - start, end);	return binsearch(arr, x, mid+1, end);
7	return binsearch(arr, x, start, end);	return binsearch(arr, x, mid+1, end);
7	return binsearch(arr, x, mid, end);	return binsearch(arr, x, mid+1, end);
7	return binsearch(arr, x, start + mid, end);	return binsearch(arr, x, mid+1, end);
7	return binsearch(arr, x, start, end - start);	return binsearch(arr, x, mid+1, end);
7	return binsearch(arr, x, mid, end + 1);	return binsearch(arr, x, mid+1, end);
7	return binsearch(arr, x, end - start, mid);	return binsearch(arr, x, mid+1, end);
7	return binsearch(arr, x, end, mid);	return binsearch(arr, x, mid+1, end);
7	|= binsearch(arr, x, mid, end);	return binsearch(arr, x, mid+1, end);
7	return binsearch(arr, x, mid, end, start);	return binsearch(arr, x, mid+1, end);
7	= binsearch(arr, x, mid, end);	return binsearch(arr, x, mid+1, end);
7	return binsearch(arr, x, mid, end);	return binsearch(arr, x, mid+1, end);
7	result = binsearch(arr, x, mid, end);	return binsearch(arr, x, mid+1, end);
7	return binsearch(arr, x, mid, end) & 0xFF;	return binsearch(arr, x, mid+1, end);
7	return binsearch(arr, x, start, end, end);	return binsearch(arr, x, mid+1, end);
7	return binsearch(arr, x, start, end, mid);	return binsearch(arr, x, mid+1, end);
7	return binsearch(arr, x, mid, end - 1);	return binsearch(arr, x, mid+1, end);
7	return binsearch(arr, x, mid, end, 0);	return binsearch(arr, x, mid+1, end);
7	result = binsearch(arr, x, mid, end); return result;	return binsearch(arr, x, mid+1, end);
7	return binsearch(arr, x, mid, end, end);	return binsearch(arr, x, mid+1, end);
7	return binsearch(arr, x, start, end, start);	return binsearch(arr, x, mid+1, end);
7	return binsearch(arr, x, end - start, mid, end);	return binsearch(arr, x, mid+1, end);
7	rim(arr, x, mid, end);	return binsearch(arr, x, mid+1, end);
7	result = binsearch(arr, x, mid, end);	return binsearch(arr, x, mid+1, end);
16	if (source.length() > 1) { return 1 + levenshtein(source.substring(1), target.substring(1)); } else { return 0; }	return levenshtein(source.substring(1), target.substring(1));
16	if (source.length() > 1) { return 1 + levenshtein(source.substring(1), target.substring(1)); } return 0;	return levenshtein(source.substring(1), target.substring(1));
16	if (source.charAt(0) == target.charAt(1)) { return 1 + levenshtein(source.substring(1), target.substring(1)); } return 0;	return levenshtein(source.substring(1), target.substring(1));
16	if (source.length() == target.length()) { return 1 + levenshtein(source.substring(1), target.substring(1)); } return 0;	return levenshtein(source.substring(1), target.substring(1));
16	if (source.length() > 1) { return 1 + levenshtein(source.substring(1), target.substring(1)); }	return levenshtein(source.substring(1), target.substring(1));
16	if (source.charAt(0) == target.charAt(1)) { return 0; } return 1 + levenshtein(source.substring(1), target.substring(1));	return levenshtein(source.substring(1), target.substring(1));
16	if (source.charAt(0) == target.charAt(1)) { return 1 + levenshtein(source.substring(1), target.substring(1)); }	return levenshtein(source.substring(1), target.substring(1));
16	if (source.charAt(0) == target.charAt(0)) { return 1 + levenshtein(source.substring(1), target.substring(1)); } return 0;	return levenshtein(source.substring(1), target.substring(1));
16	if (source.length() == target.length()) { return 1 + levenshtein(source.substring(1), target.substring(1)); } else { return 0; }	return levenshtein(source.substring(1), target.substring(1));
16	if (source.length() == target.length()) { return 0; } return 1 + levenshtein(source.substring(1), target.substring(1));	return levenshtein(source.substring(1), target.substring(1));
16	if (source.length() > 1) { return 0; } return 1 + levenshtein(source.substring(1), target.substring(1));	return levenshtein(source.substring(1), target.substring(1));
16	if (source.charAt(0) == target.charAt(0)) { return 0; } return 1 + levenshtein(source.substring(1), target.substring(1));	return levenshtein(source.substring(1), target.substring(1));
16	if (source.charAt(0) == target.charAt(0)) { return 1 + levenshtein(source.substring(1), target.substring(1)); }	return levenshtein(source.substring(1), target.substring(1));
16	if (source.length() == 0) { return 1 + levenshtein(source.substring(1), target.substring(1)); } return 0;	return levenshtein(source.substring(1), target.substring(1));
16	if (source.length() == target.length()) { return 1 + levenshtein(source.substring(1), target.substring(1)); }	return levenshtein(source.substring(1), target.substring(1));
16	if (source.length() > 1) { return 1 + levenshtein(source.substring(1), target.substring(1)); } else { return -1; }	return levenshtein(source.substring(1), target.substring(1));
16	if (source.length() > 0) { return 1 + levenshtein(source.substring(1), target.substring(1)); } else { return 0; }	return levenshtein(source.substring(1), target.substring(1));
16	if (source.length() == 0) { return 1 + levenshtein(source.substring(1), target.substring(1)); } else { return 0; }	return levenshtein(source.substring(1), target.substring(1));
16	if (source.length() == 1) { return 1 + levenshtein(source.substring(1), target.substring(1)); } return 0;	return levenshtein(source.substring(1), target.substring(1));
16	if (source.length() > 0) { return 1 + levenshtein(source.substring(1), target.substring(1)); } return 0;	return levenshtein(source.substring(1), target.substring(1));
16	if (source.length() == 1) { return 1 + levenshtein(source.substring(1), target.substring(1)); } else { return 0; }	return levenshtein(source.substring(1), target.substring(1));
16	if (source.length() > 1) { return 1 + levenshtein(source.substring(1), target.substring(1)); } return -1;	return levenshtein(source.substring(1), target.substring(1));
16	if (source.length() > 0) { return 1 + levenshtein(source.substring(1), target.substring(1)); }	return levenshtein(source.substring(1), target.substring(1));
16	if (source.length() == 1) { return 1 + levenshtein(source.substring(1), target.substring(1)); }	return levenshtein(source.substring(1), target.substring(1));
16	if (target.length() > 1) { return 1 + levenshtein(source.substring(1), target.substring(1)); }	return levenshtein(source.substring(1), target.substring(1));
16	if (source.charAt(0) == target.charAt(1)) { return 0; } return 0;	return levenshtein(source.substring(1), target.substring(1));
16	if (source.charAt(0) == target.charAt(0)) { return 0; } return 0;	return levenshtein(source.substring(1), target.substring(1));
16	return 1 + levenshtein(source.substring(1), target.substring(1));	return levenshtein(source.substring(1), target.substring(1));
16	if (source.length() > 1) { return 0; } return 0;	return levenshtein(source.substring(1), target.substring(1));
16	;	return levenshtein(source.substring(1), target.substring(1));
14	if (weight < j) {	else if (weight < = j) {
14	if (weight < = j) {	else if (weight < = j) {
14	if (weight > j) {	else if (weight < = j) {
14	if (weight > 0) {	else if (weight < = j) {
14	if (weight >= j) {	else if (weight < = j) {
14	if (i - 1 >= 0) {	else if (weight < = j) {
14	if (i >= 0) {	else if (weight < = j) {
14	if (j >= 0) {	else if (weight < = j) {
14	if (j > 0) {	else if (weight < = j) {
14	if (i - 1 < = weight) {	else if (weight < = j) {
14	if (weight >= 0) {	else if (weight < = j) {
14	if (i - 1 >= weight) {	else if (weight < = j) {
14	if (i - 1 > 0) {	else if (weight < = j) {
14	if (weight!= 0) {	else if (weight < = j) {
14	if (weight < j) { return 0;	else if (weight < = j) {
14	if (j == 0) {	else if (weight < = j) {
14	if (weight < j) { return memo;	else if (weight < = j) {
14	if ( weight < j) {	else if (weight < = j) {
14	if (weight >= i) {	else if (weight < = j) {
14	if (i - 1 < = j) {	else if (weight < = j) {
14	if ( weight > j) {	else if (weight < = j) {
14	if (weight < j) {	else if (weight < = j) {
14	if (i == 0) {	else if (weight < = j) {
14	if (i < j) {	else if (weight < = j) {
14	if (i > 0) {	else if (weight < = j) {
14	if (weight > i) {	else if (weight < = j) {
14	if (j < 0) {	else if (weight < = j) {
14	if (weight > 1) {	else if (weight < = j) {
14	if (weight < j) { break;	else if (weight < = j) {
14	if (j > 1) {	else if (weight < = j) {
3	for (Integer count : sorted_arr) {	for (Integer count : counts) {
3	ArrayList < Integer> sorted_arr = new ArrayList < >(); for (Integer count : sorted_arr) {	for (Integer count : counts) {
3	ArrayList < Integer> counts = new ArrayList < Integer>(); for (Integer count : sorted_arr) {	for (Integer count : counts) {
3	ArrayList < Integer> count = new ArrayList < Integer>(0,0); for (Integer count : arr) {	for (Integer count : counts) {
3	ArrayList < Integer> countList = new ArrayList < Integer>(); for (Integer count : arrList) {	for (Integer count : counts) {
3	ArrayList < Integer> counts = new ArrayList < Integer>(); for (Integer count : arr) {	for (Integer count : counts) {
3	ArrayList < Integer> count = new ArrayList < Integer>(); for (Integer count : arr) {	for (Integer count : counts) {
3	ArrayList < Integer> list = new ArrayList < Integer>(); for (Integer count : list) {	for (Integer count : counts) {
3	ArrayList < Integer> count = new ArrayList < Integer>(); for (Integer count : sorted_arr) {	for (Integer count : counts) {
3	List < Integer> count = new ArrayList < Integer>(); for (Integer count : arr) {	for (Integer count : counts) {
3	ArrayList < Integer> count = new ArrayList < Integer>(); for (Integer count : count) {	for (Integer count : counts) {
3	ArrayList < Integer> sorted_arr; for (Integer count : sorted_arr) {	for (Integer count : counts) {
3	ArrayList < Integer> count = new ArrayList < Integer>(); for (Integer count : arr.size()) {	for (Integer count : counts) {
3	ArrayList < Integer> count = new ArrayList < Integer>(100); for (Integer count : arr) {	for (Integer count : counts) {
3	ArrayList < Integer> countList = new ArrayList < Integer>(); for (Integer count : countList) {	for (Integer count : counts) {
3	ArrayList < Integer> counts = new ArrayList < Integer>(); for (Integer count : arr.size()) {	for (Integer count : counts) {
3	List < Integer> count = new ArrayList < Integer>(); for (Integer count : arr.size()) {	for (Integer count : counts) {
3	List < Integer> count = new ArrayList < Integer>(); for (Integer count : count) {	for (Integer count : counts) {
3	ArrayList < Integer> count_arr = new ArrayList < Integer>(); for (Integer count : arr) {	for (Integer count : counts) {
3	ArrayList < Integer> count = new ArrayList < Integer>(); for (Integer count : arr.get(0)) {	for (Integer count : counts) {
3	ArrayList < Integer> count = new ArrayList < >(); for (Integer count : arr) {	for (Integer count : counts) {
3	for (Integer count : arr.keySet()) {	for (Integer count : counts) {
3	int i = 0; for (Integer count : arr) {	for (Integer count : counts) {
3	Integer count = null; for (Integer count : arr) {	for (Integer count : counts) {
3	For (Integer count : sorted_arr) {	for (Integer count : counts) {
3	for (Integer count : arr.toArray()) {	for (Integer count : counts) {
3	for (Integer count : arr.clone()) {	for (Integer count : counts) {
3	for (Integer count : arr.get()) {	for (Integer count : counts) {
3	for (Integer count : arr.values()) {	for (Integer count : counts) {
3	for (Integer count : arr.getIntegers()) {	for (Integer count : counts) {
4	if (node == null) { return false; }	nodesvisited.add(node);
4	if (node == null) { return true; }	nodesvisited.add(node);
4	search(startnode, goalnode) { return true; }	nodesvisited.add(node);
4	search(startnode, goalnode) { return false; }	nodesvisited.add(node);
4	if (startnode == null) { return false; }	nodesvisited.add(node);
4	if (node == goal) { return true; }	nodesvisited.add(node);
4	if (node == node) { return true; }	nodesvisited.add(node);
4	if (node == goalnode) { continue; }	nodesvisited.add(node);
4	if (node == null) { continue; }	nodesvisited.add(node);
4	if (node == goalnode) { return true; }	nodesvisited.add(node);
4	if (startnode == null) { return true; }	nodesvisited.add(node);
4	if (node == goal) { return false; }	nodesvisited.add(node);
4	if (node == node) { return false; }	nodesvisited.add(node);
4	if (s == null) { return false; }	nodesvisited.add(node);
4	if (node == goalnode) { return false; }	nodesvisited.add(node);
4	search(successornodes) { return true; }	nodesvisited.add(node);
4	if (s == null) { return true; }	nodesvisited.add(node);
4	search(startnode) { return true; }	nodesvisited.add(node);
4	if (false) { return true; }	nodesvisited.add(node);
4	if (false) { return false; }	nodesvisited.add(node);
4	search(node) { return true; }	nodesvisited.add(node);
4	search(successornodes);	nodesvisited.add(node);
4	node = node;	nodesvisited.add(node);
4	search(startnode);	nodesvisited.add(node);
4	search(node);	nodesvisited.add(node);
4	.reset();	nodesvisited.add(node);
4	return true;	nodesvisited.add(node);
4	return false;	nodesvisited.add(node);
4	return true;	nodesvisited.add(node);
4	result = true;	nodesvisited.add(node);
33	if (alphabet!= null) { result = result + String.valueOf(alphabet.charAt(i)); }	result = String.valueOf(alphabet.charAt(i))+result;
33	if (alphabet.length() > 0) { result = result + String.valueOf(alphabet.charAt(i)); }	result = String.valueOf(alphabet.charAt(i))+result;
33	if (alphabet.length() > i) { result = result + String.valueOf(alphabet.charAt(i)); }	result = String.valueOf(alphabet.charAt(i))+result;
33	if (i > 0) { result = result + String.valueOf(alphabet.charAt(i)); }	result = String.valueOf(alphabet.charAt(i))+result;
33	if (alphabet!= null) { result = result + String.valueOf(alphabet.charAt(i)); }	result = String.valueOf(alphabet.charAt(i))+result;
33	if (i >= 0) { result = result + String.valueOf(alphabet.charAt(i)); }	result = String.valueOf(alphabet.charAt(i))+result;
33	if (alphabet.length() > 1) { result = result + String.valueOf(alphabet.charAt(i)); }	result = String.valueOf(alphabet.charAt(i))+result;
33	if (num > 0) { result = result + String.valueOf(alphabet.charAt(i)); }	result = String.valueOf(alphabet.charAt(i))+result;
33	result = result + String.valueOf(Character.toChars(alphabet.charAt(i)));	result = String.valueOf(alphabet.charAt(i))+result;
33	if (i < 0) { result = result + String.valueOf(alphabet.charAt(i)); }	result = String.valueOf(alphabet.charAt(i))+result;
33	"if (i > 0) { result = result + String.valueOf(alphabet.charAt(i)); } else { result = "" ""; }"	result = String.valueOf(alphabet.charAt(i))+result;
33	result = result + String.valueOf(alphabet.charAt(i));	result = String.valueOf(alphabet.charAt(i))+result;
33	"if (i < 0) { result = result + String.valueOf(alphabet.charAt(i)); } else { result = "" ""; }"	result = String.valueOf(alphabet.charAt(i))+result;
33	"result = result + "" "" + String.valueOf(alphabet.charAt(i));"	result = String.valueOf(alphabet.charAt(i))+result;
33	if (alphabet!= null) { result = result + String.valueOf(alphabet.charAt(i)); } else { }	result = String.valueOf(alphabet.charAt(i))+result;
33	result = result + String.valueOf(alphabet.charAt(i));	result = String.valueOf(alphabet.charAt(i))+result;
33	Result result = result + String.valueOf(alphabet.charAt(i));	result = String.valueOf(alphabet.charAt(i))+result;
33	result + String.valueOf(alphabet.charAt(i));	result = String.valueOf(alphabet.charAt(i))+result;
33	"if (alphabet.charAt(i)!= 'n') { result = result + ""n ""; }"	result = String.valueOf(alphabet.charAt(i))+result;
33	= result + String.valueOf(alphabet.charAt(i));	result = String.valueOf(alphabet.charAt(i))+result;
33	result = result + String.valueOf(alphabet.charAt(i+1));	result = String.valueOf(alphabet.charAt(i))+result;
33	result = result + String.valueOf(alphabet.charAt(i) & 0xFF);	result = String.valueOf(alphabet.charAt(i))+result;
33	"result = result + String.valueOf(alphabet.charAt(i)) + ""n "";"	result = String.valueOf(alphabet.charAt(i))+result;
33	return result + String.valueOf(alphabet.charAt(i));	result = String.valueOf(alphabet.charAt(i))+result;
33	= String.valueOf(alphabet.charAt(i));	result = String.valueOf(alphabet.charAt(i))+result;
33	result = result + String.valueOf(alphabet.charAt(i + 1));	result = String.valueOf(alphabet.charAt(i))+result;
33	"= result + String.valueOf(alphabet.charAt(i)) + ""n "";"	result = String.valueOf(alphabet.charAt(i))+result;
33	= result + String.valueOf(alphabet.charAt(i+1));	result = String.valueOf(alphabet.charAt(i))+result;
33	+ String.valueOf(alphabet.charAt(i));	result = String.valueOf(alphabet.charAt(i))+result;
33	"result = result + String.valueOf(alphabet.charAt(i)) + "" "";"	result = String.valueOf(alphabet.charAt(i))+result;
5	if (hare == tortoise)	if (null == hare ||hare.getSuccessor() == null)
5	if (hare == tortoise || tortoise == tortoise)	if (null == hare ||hare.getSuccessor() == null)
5	if (hare == tortoise)	if (null == hare ||hare.getSuccessor() == null)
5	if (hare == tortoise || tortoise == tortoise)	if (null == hare ||hare.getSuccessor() == null)
5	if (hare.getSuccessor() == tortoise)	if (null == hare ||hare.getSuccessor() == null)
5	if (hare == tortoise && tortoise == tortoise)	if (null == hare ||hare.getSuccessor() == null)
5	if (hare!= tortoise)	if (null == hare ||hare.getSuccessor() == null)
5	if (hare.getSuccessor() == tortoise)	if (null == hare ||hare.getSuccessor() == null)
5	if (hare == tortoise || tortoise!= tortoise)	if (null == hare ||hare.getSuccessor() == null)
5	if (hare!= tortoise || tortoise == tortoise)	if (null == hare ||hare.getSuccessor() == null)
5	if (hare == tortoise) return false;	if (null == hare ||hare.getSuccessor() == null)
5	if (hare!= tortoise)	if (null == hare ||hare.getSuccessor() == null)
5	If (hare == tortoise || tortoise == tortoise)	if (null == hare ||hare.getSuccessor() == null)
5	If (hare == tortoise || tortoise == tortoise)	if (null == hare ||hare.getSuccessor() == null)
5	if (hare == tortoise) return false;	if (null == hare ||hare.getSuccessor() == null)
5	if (hare.getSuccessor() == tortoise.getSuccessor())	if (null == hare ||hare.getSuccessor() == null)
5	if (hare.getSuccessor()!= tortoise)	if (null == hare ||hare.getSuccessor() == null)
5	if (hare.getSuccessor()!= null)	if (null == hare ||hare.getSuccessor() == null)
5	if (hare == tortoise.getSuccessor())	if (null == hare ||hare.getSuccessor() == null)
5	if (hare.getSuccessor()!= null)	if (null == hare ||hare.getSuccessor() == null)
5	If (hare.getSuccessor() == tortoise)	if (null == hare ||hare.getSuccessor() == null)
5	If (hare.getSuccessor() == tortoise)	if (null == hare ||hare.getSuccessor() == null)
5	if (hare == tortoise) return true;	if (null == hare ||hare.getSuccessor() == null)
5	if (hare == tortoise) return true;	if (null == hare ||hare.getSuccessor() == null)
5	If (hare == tortoise)	if (null == hare ||hare.getSuccessor() == null)
5	If (hare == tortoise)	if (null == hare ||hare.getSuccessor() == null)
5	If (hare!= tortoise)	if (null == hare ||hare.getSuccessor() == null)
5	If (hare == tortoise) return false;	if (null == hare ||hare.getSuccessor() == null)
5	If (hare!= tortoise)	if (null == hare ||hare.getSuccessor() == null)
5	; if (hare == tortoise)	if (null == hare ||hare.getSuccessor() == null)
32	while (Math.abs(x-approx) >= epsilon) {	while (Math.abs(x-approx*approx) > epsilon) {
32	while (Math.abs(x-approx-1) >= epsilon) {	while (Math.abs(x-approx*approx) > epsilon) {
32	if (Math.abs(x-approx) >= epsilon) {	while (Math.abs(x-approx*approx) > epsilon) {
32	while (Math.abs(x-epsilon) > epsilon) {	while (Math.abs(x-approx*approx) > epsilon) {
32	while (Math.abs(x - approx) > epsilon) {	while (Math.abs(x-approx*approx) > epsilon) {
32	if (Math.abs(x-approx) > epsilon) {	while (Math.abs(x-approx*approx) > epsilon) {
32	while (Math.abs(x-approx) < epsilon) {	while (Math.abs(x-approx*approx) > epsilon) {
32	while (Math.abs(x-approx) < = epsilon) {	while (Math.abs(x-approx*approx) > epsilon) {
32	while (Math.abs(x-approx) >= epsilon) {	while (Math.abs(x-approx*approx) > epsilon) {
32	(Math.abs(x-approx)) >= epsilon) {	while (Math.abs(x-approx*approx) > epsilon) {
32	while (Math.abs(x-epsilon-1) > epsilon) {	while (Math.abs(x-approx*approx) > epsilon) {
32	while (Math.abs(x - epsilon) >= epsilon) {	while (Math.abs(x-approx*approx) > epsilon) {
32	while (Math.abs(x-approx-2) >= epsilon) {	while (Math.abs(x-approx*approx) > epsilon) {
32	while (Math.abs(x-approx) > epsilon) {	while (Math.abs(x-approx*approx) > epsilon) {
32	while (Math.abs(x-approx)!= epsilon) {	while (Math.abs(x-approx*approx) > epsilon) {
32	whilst (Math.abs(x-approx) >= epsilon) {	while (Math.abs(x-approx*approx) > epsilon) {
32	while (Math.abs(x-approx) == epsilon) {	while (Math.abs(x-approx*approx) > epsilon) {
32	while (Math.abs((x-approx)) > epsilon) {	while (Math.abs(x-approx*approx) > epsilon) {
32	whilst (Math.abs(x-approx) > epsilon) {	while (Math.abs(x-approx*approx) > epsilon) {
32	if (Math.abs(x-approx) >= epsilon) {	while (Math.abs(x-approx*approx) > epsilon) {
32	(Math.abs(x-approx) >= epsilon)) {	while (Math.abs(x-approx*approx) > epsilon) {
32	while (Math.abs(x - approx) >= epsilon) {	while (Math.abs(x-approx*approx) > epsilon) {
32	while (Math.abs(x - epsilon) > epsilon) {	while (Math.abs(x-approx*approx) > epsilon) {
32	while (!Math.abs(x-approx) > epsilon) {	while (Math.abs(x-approx*approx) > epsilon) {
32	While (Math.abs(x-approx) >= epsilon) {	while (Math.abs(x-approx*approx) > epsilon) {
32	epsilon = Math.abs(x-approx); while (epsilon > 0) {	while (Math.abs(x-approx*approx) > epsilon) {
32	Math.abs(x-approx) >= epsilon) {	while (Math.abs(x-approx*approx) > epsilon) {
32	for (int i = 0; i < x; i++) {	while (Math.abs(x-approx*approx) > epsilon) {
32	epsilon = Math.abs(x-approx); while (epsilon < 0) {	while (Math.abs(x-approx*approx) > epsilon) {
32	if (Math.abs(x-approx) > epsilon) { return approx;	while (Math.abs(x-approx*approx) > epsilon) {
26	if (node == null) { return null; }	prevnode = node;
26	if (prevnode == null) { return null; }	prevnode = node;
26	if (node == null) { return null; }	prevnode = node;
26	if (nextnode == null) { return null; }	prevnode = node;
26	if (prevnode == null) { return null; }	prevnode = node;
26	if (node == null) { continue; }	prevnode = node;
26	if (previousnode == null) { return null; }	prevnode = node;
26	if (node == null) { return node; }	prevnode = node;
26	if (node == null) { return new Node(); }	prevnode = node;
26	if (node==null) { return null; }	prevnode = node;
26	if(node == null) { return null; }	prevnode = node;
26	if (prevnode == null) { continue; }	prevnode = node;
26	if (node == null) { return false; }	prevnode = node;
26	if (prevnode == null) { return node; }	prevnode = node;
26	if (node == null) { return this; }	prevnode = node;
26	if (node == null) return null;	prevnode = node;
26	"if (node == null) { return "" ""; }"	prevnode = node;
26	while (node == null) { return null; }	prevnode = node;
26	reverse_linked_list(node);	prevnode = node;
26	if (node == null) { continue; }	prevnode = node;
26	return_linked_list(node);	prevnode = node;
26	node = null;	prevnode = node;
26	node = node;	prevnode = node;
26	node = nextnode;	prevnode = node;
26	this.node = node;	prevnode = node;
26	reverse_linked_list();	prevnode = node;
26	return(node);	prevnode = node;
26	node = null;	prevnode = node;
26	node = nextnode;	prevnode = node;
26	parent = parent;	prevnode = node;
34	if (orderedNodes.containsAll(nextNode.getSuccessors()) &&!orderedNodes.contains(nextNode)) {	if (orderedNodes.containsAll(nextNode.getPredecessors()) &&!orderedNodes.contains(nextNode)) {
34	if (!orderedNodes.containsAll(nextNode.getSuccessors()) &&!orderedNodes.contains(nextNode)) {	if (orderedNodes.containsAll(nextNode.getPredecessors()) &&!orderedNodes.contains(nextNode)) {
34	if (orderedNodes.containsAll(nextNode.getSuccessors())) {	if (orderedNodes.containsAll(nextNode.getPredecessors()) &&!orderedNodes.contains(nextNode)) {
34	if (orderedNodes.containsAll(nextNode.getSuccessors()) &&!orderedNodes.contains(nextNode.getPredecessors())) {	if (orderedNodes.containsAll(nextNode.getPredecessors()) &&!orderedNodes.contains(nextNode)) {
34	if (orderedNodes.containsAll(nextNode.getPredecessors()) &&!orderedNodes.contains(nextNode)) {	if (orderedNodes.containsAll(nextNode.getPredecessors()) &&!orderedNodes.contains(nextNode)) {
34	if (orderedNodes.containsAll(nextNode.getSuccessors()) &&!orderedNodes.contains(nextNode)) {	if (orderedNodes.containsAll(nextNode.getPredecessors()) &&!orderedNodes.contains(nextNode)) {
34	if (orderedNodes.containsAll(nextNode.getSuccessors()) ||!orderedNodes.contains(nextNode.getPredecessors())) {	if (orderedNodes.containsAll(nextNode.getPredecessors()) &&!orderedNodes.contains(nextNode)) {
34	if (!orderedNodes.containsAll(nextNode.getSuccessors()) &&!orderedNodes.contains(nextNode)) {	if (orderedNodes.containsAll(nextNode.getPredecessors()) &&!orderedNodes.contains(nextNode)) {
34	if (orderedNodes.containsAll(nextNode.getSuccessors()) ||!orderedNodes.contains(nextNode)) {	if (orderedNodes.containsAll(nextNode.getPredecessors()) &&!orderedNodes.contains(nextNode)) {
34	if (orderedNodes.containsAll(nextNode.getSuccessors()) &&!orderedNodes.contains(nextNode.getSuccessors())) {	if (orderedNodes.containsAll(nextNode.getPredecessors()) &&!orderedNodes.contains(nextNode)) {
34	If (orderedNodes.containsAll(nextNode.getSuccessors()) &&!orderedNodes.contains(nextNode)) {	if (orderedNodes.containsAll(nextNode.getPredecessors()) &&!orderedNodes.contains(nextNode)) {
34	if (orderedNodes.containsAll(nextNode.getPredecessors()) &&!orderedNodes.contains(nextNode)) {	if (orderedNodes.containsAll(nextNode.getPredecessors()) &&!orderedNodes.contains(nextNode)) {
34	if (!orderedNodes.containsAll(nextNode.getSuccessors())) {	if (orderedNodes.containsAll(nextNode.getPredecessors()) &&!orderedNodes.contains(nextNode)) {
34	if (orderedNodes.containsAll(nextNode.getSuccessors()) &&!orderedNodes.contains(nextNode)) { listSize++;	if (orderedNodes.containsAll(nextNode.getPredecessors()) &&!orderedNodes.contains(nextNode)) {
34	if (orderedNodes.containsAll(nextNode.getSuccessors())) {	if (orderedNodes.containsAll(nextNode.getPredecessors()) &&!orderedNodes.contains(nextNode)) {
34	if (orderedNodes.containsAll(nextNode.getSuccessors()) ||!orderedNodes.contains(nextNode)) {	if (orderedNodes.containsAll(nextNode.getPredecessors()) &&!orderedNodes.contains(nextNode)) {
34	if (nextNode!= null && orderedNodes.containsAll(nextNode.getSuccessors())) {	if (orderedNodes.containsAll(nextNode.getPredecessors()) &&!orderedNodes.contains(nextNode)) {
34	If (orderedNodes.containsAll(nextNode.getSuccessors()) &&!orderedNodes.contains(nextNode)) {	if (orderedNodes.containsAll(nextNode.getPredecessors()) &&!orderedNodes.contains(nextNode)) {
34	If (!orderedNodes.containsAll(nextNode.getSuccessors()) &&!orderedNodes.contains(nextNode)) {	if (orderedNodes.containsAll(nextNode.getPredecessors()) &&!orderedNodes.contains(nextNode)) {
34	if (nextNode!= null && orderedNodes.containsAll(nextNode.getSuccessors())) {	if (orderedNodes.containsAll(nextNode.getPredecessors()) &&!orderedNodes.contains(nextNode)) {
34	if (nextNode.getSuccessors()!= null && orderedNodes.containsAll(nextNode.getSuccessors())) {	if (orderedNodes.containsAll(nextNode.getPredecessors()) &&!orderedNodes.contains(nextNode)) {
34	if (orderedNodes!= null && orderedNodes.containsAll(nextNode.getSuccessors())) {	if (orderedNodes.containsAll(nextNode.getPredecessors()) &&!orderedNodes.contains(nextNode)) {
34	if (orderedNodes!= null && orderedNodes.containsAll(nextNode.getSuccessors())) {	if (orderedNodes.containsAll(nextNode.getPredecessors()) &&!orderedNodes.contains(nextNode)) {
34	if (!orderedNodes.containsAll(nextNode.getSuccessors())) {	if (orderedNodes.containsAll(nextNode.getPredecessors()) &&!orderedNodes.contains(nextNode)) {
34	if (orderedNodes.containsAll(nextNode.getSuccessors())) { listSize++;	if (orderedNodes.containsAll(nextNode.getPredecessors()) &&!orderedNodes.contains(nextNode)) {
34	If (orderedNodes.containsAll(nextNode.getSuccessors())) {	if (orderedNodes.containsAll(nextNode.getPredecessors()) &&!orderedNodes.contains(nextNode)) {
34	if (orderedNodes.containsAll(nextNode.getPredecessors())) {	if (orderedNodes.containsAll(nextNode.getPredecessors()) &&!orderedNodes.contains(nextNode)) {
34	If (!orderedNodes.containsAll(nextNode.getSuccessors())) {	if (orderedNodes.containsAll(nextNode.getPredecessors()) &&!orderedNodes.contains(nextNode)) {
34	if (orderedNodes.containsAll(nextNode.getPredecessors())) {	if (orderedNodes.containsAll(nextNode.getPredecessors()) &&!orderedNodes.contains(nextNode)) {
34	If (orderedNodes.containsAll(nextNode.getSuccessors())) {	if (orderedNodes.containsAll(nextNode.getPredecessors()) &&!orderedNodes.contains(nextNode)) {
25	if (x > pivot) {	} else if (x >= pivot) {
25	if (x >= pivot) {	} else if (x >= pivot) {
25	; } else if (x >= pivot) {	} else if (x >= pivot) {
25	else if (x >= pivot) {	} else if (x >= pivot) {
25	if (!x.isEmpty()) {	} else if (x >= pivot) {
25	.add(x); } else if (x >= pivot) {	} else if (x >= pivot) {
25	if (Math.abs(x) > pivot) {	} else if (x >= pivot) {
25	+= pivot; } else if (x >= pivot) {	} else if (x >= pivot) {
25	(); } else if (x >= pivot) {	} else if (x >= pivot) {
25	if (x > pivot && x >= pivot) {	} else if (x >= pivot) {
25	if (!x.equals(middle)) {	} else if (x >= pivot) {
25	if (x!= pivot) {	} else if (x >= pivot) {
25	if (!x.equals(movi)) {	} else if (x >= pivot) {
25	if (x!= null) {	} else if (x >= pivot) {
25	if (y > pivot) {	} else if (x >= pivot) {
25	if (!x.equals(point)) {	} else if (x >= pivot) {
25	if (x > pivot || x >= pivot) {	} else if (x >= pivot) {
25	if (pivot >= pivot) {	} else if (x >= pivot) {
25	if (x > pivot) {	} else if (x >= pivot) {
25	if (pivot > pivot) {	} else if (x >= pivot) {
25	; } else if (x > pivot) {	} else if (x >= pivot) {
25	if (x!= 0) {	} else if (x >= pivot) {
25	if (x > x) {	} else if (x >= pivot) {
25	if (x >= pivot) {	} else if (x >= pivot) {
25	if (x > key) {	} else if (x >= pivot) {
25	if (c > pivot) {	} else if (x >= pivot) {
25	|| x > pivot) {	} else if (x >= pivot) {
25	&& x > pivot) {	} else if (x >= pivot) {
25	if (x < pivot) {	} else if (x >= pivot) {
25	while (x > pivot) {	} else if (x >= pivot) {
21	otherwise.addAll(Collections.nCopies(digit_list.length - 1, 0));	otherwise.addAll(Collections.nCopies(digit_list.length-1, 0));
21	otherwise.addAll(Collections.nCopies(digit_list.length, low_mid));	otherwise.addAll(Collections.nCopies(digit_list.length-1, 0));
21	otherwise.addAll(Collections.nCopies(digit_list.length, 1));	otherwise.addAll(Collections.nCopies(digit_list.length-1, 0));
21	otherwise.addAll(Collections.nCopies(digit_list[high_mid], 0));	otherwise.addAll(Collections.nCopies(digit_list.length-1, 0));
21	otherwise.addAll(Collections.nCopies(digit_list[low_mid], 0));	otherwise.addAll(Collections.nCopies(digit_list.length-1, 0));
21	otherwise.addAll(Collections.nCopies(digit_list.length, high_mid));	otherwise.addAll(Collections.nCopies(digit_list.length-1, 0));
21	otherwise.addAll(Collections.nCopies(digit_list.length, 0));	otherwise.addAll(Collections.nCopies(digit_list.length-1, 0));
21	otherwise.addAll(Collections.nCopies(digit_list[low_mid]));	otherwise.addAll(Collections.nCopies(digit_list.length-1, 0));
21	otherwise.addAll(Collections.enCopies(digit_list.length, 0));	otherwise.addAll(Collections.nCopies(digit_list.length-1, 0));
21	otherwise.addAll(Collections.nCopies(digit_list[high_mid]));	otherwise.addAll(Collections.nCopies(digit_list.length-1, 0));
21	otherwise.addAll(Collections.nCopies(digit_list.length, 2));	otherwise.addAll(Collections.nCopies(digit_list.length-1, 0));
21	otherwise.addAll(Collections.getCopies(digit_list.length, 0));	otherwise.addAll(Collections.nCopies(digit_list.length-1, 0));
21	otherwise.addAll(Collections.singleton(digit_list[high_mid]));	otherwise.addAll(Collections.nCopies(digit_list.length-1, 0));
21	otherwise.addAll(Collections.nCopies(digit_list.length, 1));	otherwise.addAll(Collections.nCopies(digit_list.length-1, 0));
21	otherwise.addAll(Collections.nCopies(digit_list.length, false));	otherwise.addAll(Collections.nCopies(digit_list.length-1, 0));
21	otherwise.addAll(Collections.nCopies(digit_list.length,low_mid));	otherwise.addAll(Collections.nCopies(digit_list.length-1, 0));
21	otherwise.addAll(Collections.singleton(digit_list[low_mid]));	otherwise.addAll(Collections.nCopies(digit_list.length-1, 0));
21	otherwise.addAll(Collections.newCopies(digit_list.length, 0));	otherwise.addAll(Collections.nCopies(digit_list.length-1, 0));
21	otherwise.addAll(Collections.singleton(digit_list.length, 0));	otherwise.addAll(Collections.nCopies(digit_list.length-1, 0));
21	otherwise.addAll(Collections.nCopies(digit_list.length, 2));	otherwise.addAll(Collections.nCopies(digit_list.length-1, 0));
21	otherwise.addAll(Collections.nCopies(digit_list.length, 10));	otherwise.addAll(Collections.nCopies(digit_list.length-1, 0));
21	otherwise.addAll(Collections.nCopies(digit_list.length, true));	otherwise.addAll(Collections.nCopies(digit_list.length-1, 0));
21	otherwise.addAll(Collections.singleton(digit_list.length));	otherwise.addAll(Collections.nCopies(digit_list.length-1, 0));
21	otherwise.addAll(Collections.nCopies(digit_list.length));	otherwise.addAll(Collections.nCopies(digit_list.length-1, 0));
21	otherwise.addAll(Collections.nCopies(digit_list[high_mid] + 1));	otherwise.addAll(Collections.nCopies(digit_list.length-1, 0));
21	otherwise.addAll(Collections.nCopies(digit_list.length, digit_list));	otherwise.addAll(Collections.nCopies(digit_list.length-1, 0));
21	otherwise.addAll(Collections.nCopies(digit_list[low_mid] + 1));	otherwise.addAll(Collections.nCopies(digit_list.length-1, 0));
21	otherwise.addAll(Collections.nCopies());	otherwise.addAll(Collections.nCopies(digit_list.length-1, 0));
21	next();	otherwise.addAll(Collections.nCopies(digit_list.length-1, 0));
21	nan	otherwise.addAll(Collections.nCopies(digit_list.length-1, 0));
28	unvisitedNodes.get(nextnode) + length_by_edge.get(Arrays.asList(nextnode, nextnode)));	distance + length_by_edge.get(Arrays.asList(node, nextnode))));
28	unvisitedNodes.get(nextnode) + length_by_edge.get(Arrays.asList(node, nextnode)));	distance + length_by_edge.get(Arrays.asList(node, nextnode))));
28	unvisitedNodes.get(nextnode) + length_by_edge.get(Arrays.asList(node, nextnode))));	distance + length_by_edge.get(Arrays.asList(node, nextnode))));
28	unvisitedNodes.get(nextnode) + length_by_edge.get(Arrays.asList(nextnode, nextnode))));	distance + length_by_edge.get(Arrays.asList(node, nextnode))));
28	= unvisitedNodes.get(nextnode) + length_by_edge.get(Arrays.asList(node, nextnode)));	distance + length_by_edge.get(Arrays.asList(node, nextnode))));
28	nodes.get(nextnode) + length_by_edge.get(Arrays.asList(node, nextnode))));	distance + length_by_edge.get(Arrays.asList(node, nextnode))));
28	|| unvisitedNodes.get(nextnode) + length_by_edge.get(Arrays.asList(node, nextnode))));	distance + length_by_edge.get(Arrays.asList(node, nextnode))));
28	unvisitedNodes.get(nextnode) + length_by_edge.get(Arrays.asList(nextnode, nextnode)));	distance + length_by_edge.get(Arrays.asList(node, nextnode))));
28	unvisitedNodes.get(nextnode) + length_by_edge.get(Arrays.asList(node, nextnode))));	distance + length_by_edge.get(Arrays.asList(node, nextnode))));
28	unvisitedNodes.get(nextnode) + length_by_edge.get(Arrays.asList(node, nextnode)));	distance + length_by_edge.get(Arrays.asList(node, nextnode))));
28	unvisitedNodes.get(nextnode) + length_by_edge.get(Arrays.asList(nextnode, nextnode))));	distance + length_by_edge.get(Arrays.asList(node, nextnode))));
28	= unvisitedNodes.get(nextnode) + length_by_edge.get(Arrays.asList(node, nextnode))));	distance + length_by_edge.get(Arrays.asList(node, nextnode))));
28	unvisitedNodes.get(nextnode) + length_by_edge.get(Arrays.asList(startnode, nextnode))));	distance + length_by_edge.get(Arrays.asList(node, nextnode))));
28	.get(nextnode) + length_by_edge.get(Arrays.asList(node, nextnode))));	distance + length_by_edge.get(Arrays.asList(node, nextnode))));
28	nodes.get(nextnode) + length_by_edge.get(Arrays.asList(nextnode, nextnode))));	distance + length_by_edge.get(Arrays.asList(node, nextnode))));
28	unvisitedNodes.get(nextnode) + length_by_edge.get(Arrays.asList(nextnode, nextnode)))	distance + length_by_edge.get(Arrays.asList(node, nextnode))));
28	unvisitedNodes.get(nextnode) + length_by_edge.get(Arrays.asList(startnode, nextnode))));	distance + length_by_edge.get(Arrays.asList(node, nextnode))));
28	= unvisitedNodes.get(nextnode) + length_by_edge.get(Arrays.asList(nextnode, nextnode)));	distance + length_by_edge.get(Arrays.asList(node, nextnode))));
28	.get(nextnode) + length_by_edge.get(Arrays.asList(nextnode, nextnode))));	distance + length_by_edge.get(Arrays.asList(node, nextnode))));
28	unvisitedNodes.get(nextnode) + length_by_edge.get(Arrays.asList(node, nextnode)))	distance + length_by_edge.get(Arrays.asList(node, nextnode))));
28	unvisitedNodes.get(nextnode) + length_by_edge.remove(Arrays.asList(nextnode, nextnode)));	distance + length_by_edge.get(Arrays.asList(node, nextnode))));
28	nodes.get(nextnode) + length_by_edge.get(Arrays.asList(node, nextnode)));	distance + length_by_edge.get(Arrays.asList(node, nextnode))));
28	(unvisitedNodes.get(nextnode) + length_by_edge.get(Arrays.asList(node, nextnode)))));	distance + length_by_edge.get(Arrays.asList(node, nextnode))));
28	|| unvisitedNodes.get(nextnode) + length_by_edge.get(Arrays.asList(node, nextnode))))	distance + length_by_edge.get(Arrays.asList(node, nextnode))));
28	|| unvisitedNodes.get(nextnode) + length_by_edge.get(Arrays.asList(node, nextnode)))));	distance + length_by_edge.get(Arrays.asList(node, nextnode))));
28	unvisitedNodes.get(nextnode) + length_by_edge.get(Arrays.asList(nextnode, nextnode))))	distance + length_by_edge.get(Arrays.asList(node, nextnode))));
28	unvisitedNodes.get(nextnode) + length_by_edge.get(Arrays.asList(nextnode, nextnode))) ;	distance + length_by_edge.get(Arrays.asList(node, nextnode))));
28	unvisitedNodes.get(nextnode) + length_by_edge.get(Arrays.asList(nextnode, nextnode)))));	distance + length_by_edge.get(Arrays.asList(node, nextnode))));
28	+ length_by_edge.get(Arrays.asList(nextnode, nextnode)));	distance + length_by_edge.get(Arrays.asList(node, nextnode))));
28	+ length_by_edge.get(Arrays.asList(nextnode, nextnode))));	distance + length_by_edge.get(Arrays.asList(node, nextnode))));
9	gcd(a % b, b);	return gcd(b, a%b);
9	gcd(b, a % b);	return gcd(b, a%b);
9	gcd(a % b, b & 0xFF);	return gcd(b, a%b);
9	b = gcd(a % b, b); return b;	return gcd(b, a%b);
9	gcd(a % b, b, b);	return gcd(b, a%b);
9	gcd(b % a % b, b);	return gcd(b, a%b);
9	gcd(a % b, b - b);	return gcd(b, a%b);
9	m = gcd(a % b, b); return m;	return gcd(b, a%b);
9	gcd(b % a, b);	return gcd(b, a%b);
9	gcd(a % b, b) { }	return gcd(b, a%b);
9	gcd(a % b, b & 0xFFFF);	return gcd(b, a%b);
9	return gcd(a % b, b & 0xFF);	return gcd(b, a%b);
9	gcd(a % b, b) { return 0; }	return gcd(b, a%b);
9	gcd(a % b, b) { return b; }	return gcd(b, a%b);
9	gcd(a % b, b, a);	return gcd(b, a%b);
9	gcd(a % b, b);	return gcd(b, a%b);
9	b = gcd(a % b, b);	return gcd(b, a%b);
9	= gcd(a % b, b);	return gcd(b, a%b);
9	gcd(a % b, b - 1);	return gcd(b, a%b);
9	gcd(a % b - 1, b);	return gcd(b, a%b);
9	return gcd(a % b, b);	return gcd(b, a%b);
9	gcd(a % b, b % b);	return gcd(b, a%b);
9	cd(a % b, b);	return gcd(b, a%b);
9	m = gcd(a % b, b);	return gcd(b, a%b);
9	gcd(b % a % b);	return gcd(b, a%b);
9	gcd(b % b, a);	return gcd(b, a%b);
9	gcd(b % a);	return gcd(b, a%b);
9	gcd(b, b);	return gcd(b, a%b);
9	gcd();	return gcd(b, a%b);
9	++a;	return gcd(b, a%b);
23	for (int c=0; c < = r; c++) {	for (int c=0; c < r+1; c++) {
23	for (int c=0; c < r-1; c++) {	for (int c=0; c < r+1; c++) {
23	For (int c=0; c < = r; c++) {	for (int c=0; c < r+1; c++) {
23	for (int c=1; c < r; c++) {	for (int c=0; c < r+1; c++) {
23	for (int c=0; c < r; c++) {	for (int c=0; c < r+1; c++) {
23	for (int c=1; c < = r; c++) {	for (int c=0; c < r+1; c++) {
23	For (int c=0; c < r-1; c++) {	for (int c=0; c < r+1; c++) {
23	(int c=0; c < = r; c++) {	for (int c=0; c < r+1; c++) {
23	for (int c=0; c < r + 1; c++) {	for (int c=0; c < r+1; c++) {
23	For (int c=1; c < r; c++) {	for (int c=0; c < r+1; c++) {
23	For (int c=0; c < r; c++) {	for (int c=0; c < r+1; c++) {
23	; for (int c=0; c < = r; c++) {	for (int c=0; c < r+1; c++) {
23	for (int c=0; c < = r; c++) {	for (int c=0; c < r+1; c++) {
23	For (int c=0; c < = r; c++) {	for (int c=0; c < r+1; c++) {
23	for (int c=0; c >= r; c++) {	for (int c=0; c < r+1; c++) {
23	For (int c=0; c < r + 1; c++) {	for (int c=0; c < r+1; c++) {
23	For (int c=1; c < = r; c++) {	for (int c=0; c < r+1; c++) {
23	for (int c=0; c < r+1; c++) {	for (int c=0; c < r+1; c++) {
23	for (int c=-1; c < r; c++) {	for (int c=0; c < r+1; c++) {
23	(int c=1; c < r; c++) {	for (int c=0; c < r+1; c++) {
23	for (int c=0; c < = r-1; c++) {	for (int c=0; c < r+1; c++) {
23	; for (int c=0; c < r; c++) {	for (int c=0; c < r+1; c++) {
23	for (int c = 0; c < r; c++) {	for (int c=0; c < r+1; c++) {
23	(int c=0; c < r; c++) {	for (int c=0; c < r+1; c++) {
23	for (int c=0; c < r-1) {	for (int c=0; c < r+1; c++) {
23	if (rows.size() > r) {	for (int c=0; c < r+1; c++) {
23	if (r > 0) {	for (int c=0; c < r+1; c++) {
23	if (r >= 0) {	for (int c=0; c < r+1; c++) {
23	if (r > 1) {	for (int c=0; c < r+1; c++) {
23	) {	for (int c=0; c < r+1; c++) {
36	ArrayList <?> base = new ArrayList <?>();	ArrayList empty_set = new ArrayList < ArrayList>(); empty_set.add(new ArrayList()); return empty_set;
36	ArrayList < ArrayList> base = new ArrayList < >();	ArrayList empty_set = new ArrayList < ArrayList>(); empty_set.add(new ArrayList()); return empty_set;
36	ArrayList < Object> base = new ArrayList < Object>();	ArrayList empty_set = new ArrayList < ArrayList>(); empty_set.add(new ArrayList()); return empty_set;
36	ArrayList <?> base = new ArrayList < >();	ArrayList empty_set = new ArrayList < ArrayList>(); empty_set.add(new ArrayList()); return empty_set;
36	ArrayList < ArrayList> ret = new ArrayList < >();	ArrayList empty_set = new ArrayList < ArrayList>(); empty_set.add(new ArrayList()); return empty_set;
36	ArrayList < > base = new ArrayList < >();	ArrayList empty_set = new ArrayList < ArrayList>(); empty_set.add(new ArrayList()); return empty_set;
36	ArrayList < > base = new ArrayList();	ArrayList empty_set = new ArrayList < ArrayList>(); empty_set.add(new ArrayList()); return empty_set;
36	ArrayList < ArrayList> base = new ArrayList < ArrayList>();	ArrayList empty_set = new ArrayList < ArrayList>(); empty_set.add(new ArrayList()); return empty_set;
36	ArrayList < ArrayList> base = new ArrayList(); return base;	ArrayList empty_set = new ArrayList < ArrayList>(); empty_set.add(new ArrayList()); return empty_set;
36	ArrayList ret = new ArrayList();	ArrayList empty_set = new ArrayList < ArrayList>(); empty_set.add(new ArrayList()); return empty_set;
36	ArrayList <?> base = new ArrayList <?>(50);	ArrayList empty_set = new ArrayList < ArrayList>(); empty_set.add(new ArrayList()); return empty_set;
36	ArrayList < ArrayList> base = new ArrayList();	ArrayList empty_set = new ArrayList < ArrayList>(); empty_set.add(new ArrayList()); return empty_set;
36	ArrayList < > base = new ArrayList(); return base;	ArrayList empty_set = new ArrayList < ArrayList>(); empty_set.add(new ArrayList()); return empty_set;
36	return new ArrayList < >();	ArrayList empty_set = new ArrayList < ArrayList>(); empty_set.add(new ArrayList()); return empty_set;
36	ArrayList base = new ArrayList();	ArrayList empty_set = new ArrayList < ArrayList>(); empty_set.add(new ArrayList()); return empty_set;
36	ArrayList ret = new ArrayList(50);	ArrayList empty_set = new ArrayList < ArrayList>(); empty_set.add(new ArrayList()); return empty_set;
36	ret = new ArrayList();	ArrayList empty_set = new ArrayList < ArrayList>(); empty_set.add(new ArrayList()); return empty_set;
36	return new ArrayList < ArrayList>();	ArrayList empty_set = new ArrayList < ArrayList>(); empty_set.add(new ArrayList()); return empty_set;
36	return new ArrayList < ArrayList < >();	ArrayList empty_set = new ArrayList < ArrayList>(); empty_set.add(new ArrayList()); return empty_set;
36	ret = new ArrayList < >();	ArrayList empty_set = new ArrayList < ArrayList>(); empty_set.add(new ArrayList()); return empty_set;
36	ret = new ArrayList();	ArrayList empty_set = new ArrayList < ArrayList>(); empty_set.add(new ArrayList()); return empty_set;
36	new ArrayList < >();	ArrayList empty_set = new ArrayList < ArrayList>(); empty_set.add(new ArrayList()); return empty_set;
36	= new ArrayList < >();	ArrayList empty_set = new ArrayList < ArrayList>(); empty_set.add(new ArrayList()); return empty_set;
36	ret.addAll(base);	ArrayList empty_set = new ArrayList < ArrayList>(); empty_set.add(new ArrayList()); return empty_set;
36	= new ArrayList();	ArrayList empty_set = new ArrayList < ArrayList>(); empty_set.add(new ArrayList()); return empty_set;
36	return new ArrayList();	ArrayList empty_set = new ArrayList < ArrayList>(); empty_set.add(new ArrayList()); return empty_set;
36	return ret;	ArrayList empty_set = new ArrayList < ArrayList>(); empty_set.add(new ArrayList()); return empty_set;
36	.addAll(base);	ArrayList empty_set = new ArrayList < ArrayList>(); empty_set.add(new ArrayList()); return empty_set;
36	return base;	ArrayList empty_set = new ArrayList < ArrayList>(); empty_set.add(new ArrayList()); return empty_set;
36	rim();	ArrayList empty_set = new ArrayList < ArrayList>(); empty_set.add(new ArrayList()); return empty_set;
10	ArrayList < Integer> prepend = new ArrayList < Integer>();	return new ArrayList < Integer>(Arrays.asList(n));
10	ArrayList < Integer> prepend = new ArrayList < >();	return new ArrayList < Integer>(Arrays.asList(n));
10	ArrayList < Integer> prepend = new ArrayList < >(); prepend.add(i);	return new ArrayList < Integer>(Arrays.asList(n));
10	ArrayList < Integer> prepend = new ArrayList < Integer>(0);	return new ArrayList < Integer>(Arrays.asList(n));
10	ArrayList < Integer> prepend = new ArrayList < Integer>(n);	return new ArrayList < Integer>(Arrays.asList(n));
10	ArrayList < Integer> prepend = new ArrayList < >(); prepend.add(n);	return new ArrayList < Integer>(Arrays.asList(n));
10	ArrayList < Integer> prepend = new ArrayList < Integer>(); return prepend;	return new ArrayList < Integer>(Arrays.asList(n));
10	ArrayList < Integer> prepend = new ArrayList < Integer>(1);	return new ArrayList < Integer>(Arrays.asList(n));
10	ArrayList < > prepend = new ArrayList < Integer>();	return new ArrayList < Integer>(Arrays.asList(n));
10	= new ArrayList < Integer>();	return new ArrayList < Integer>(Arrays.asList(n));
10	.addAll(get_factors(n / i)); return prepend;	return new ArrayList < Integer>(Arrays.asList(n));
10	List < Integer> prepend = new ArrayList < Integer>();	return new ArrayList < Integer>(Arrays.asList(n));
10	result = new ArrayList < Integer>(); return result;	return new ArrayList < Integer>(Arrays.asList(n));
10	ArrayList < > prepend = new ArrayList < >();	return new ArrayList < Integer>(Arrays.asList(n));
10	result = new ArrayList < Integer>(); return result.size();	return new ArrayList < Integer>(Arrays.asList(n));
10	ArrayList < Integer> prepend = null; return prepend;	return new ArrayList < Integer>(Arrays.asList(n));
10	ArrayList < Integer> prepend = new ArrayList < >(0);	return new ArrayList < Integer>(Arrays.asList(n));
10	.addAll(get_factors(n / i));	return new ArrayList < Integer>(Arrays.asList(n));
10	n = new ArrayList < Integer>();	return new ArrayList < Integer>(Arrays.asList(n));
10	ArrayList < Integer> prepend; return prepend;	return new ArrayList < Integer>(Arrays.asList(n));
10	result = new ArrayList < Integer>();	return new ArrayList < Integer>(Arrays.asList(n));
10	new ArrayList < Integer>();	return new ArrayList < Integer>(Arrays.asList(n));
10	return new ArrayList < Integer>();	return new ArrayList < Integer>(Arrays.asList(n));
10	ArrayList < Integer> prepend = null;	return new ArrayList < Integer>(Arrays.asList(n));
10	ArrayList < Integer> prepend;	return new ArrayList < Integer>(Arrays.asList(n));
10	return prepend;	return new ArrayList < Integer>(Arrays.asList(n));
10	return prepend.size();	return new ArrayList < Integer>(Arrays.asList(n));
10	return prepend.get(0);	return new ArrayList < Integer>(Arrays.asList(n));
10	();	return new ArrayList < Integer>(Arrays.asList(n));
10	;	return new ArrayList < Integer>(Arrays.asList(n));
13	for (Integer x : heap.subList(0,k)) {	for (Integer x : arr.subList(k, arr.size())) {
13	for (Integer x : arr.subList(0,k)) {	for (Integer x : arr.subList(k, arr.size())) {
13	(Integer x : arr.subList(0,k))) {	for (Integer x : arr.subList(k, arr.size())) {
13	for (Integer x : heap.poll()) {	for (Integer x : arr.subList(k, arr.size())) {
13	For (Integer x : arr.subList(0,k)) {	for (Integer x : arr.subList(k, arr.size())) {
13	for (Integer x : heap.toArray()) {	for (Integer x : arr.subList(k, arr.size())) {
13	for (Integer x : heap.keySet()) {	for (Integer x : arr.subList(k, arr.size())) {
13	for (Integer x : heap.get()) {	for (Integer x : arr.subList(k, arr.size())) {
13	for (Integer x : heap.size()) {	for (Integer x : arr.subList(k, arr.size())) {
13	for (Integer x : heap.get(x)) {	for (Integer x : arr.subList(k, arr.size())) {
13	for (Integer x : heap.values()) {	for (Integer x : arr.subList(k, arr.size())) {
13	for (Integer x : heap.get(arr)) {	for (Integer x : arr.subList(k, arr.size())) {
13	for (Integer x : heap.subList(0, k)) {	for (Integer x : arr.subList(k, arr.size())) {
13	for (Integer x : heap.get(0)) {	for (Integer x : arr.subList(k, arr.size())) {
13	return output; for (Integer x : arr) {	for (Integer x : arr.subList(k, arr.size())) {
13	for (Integer x : heap.subList(0,arr)) {	for (Integer x : arr.subList(k, arr.size())) {
13	for (Integer x : heap.get(0).toString()) {	for (Integer x : arr.subList(k, arr.size())) {
13	for (Integer x : heap.subList(0, arr)) {	for (Integer x : arr.subList(k, arr.size())) {
13	for (Integer x : heap.get(i)) {	for (Integer x : arr.subList(k, arr.size())) {
13	for (Integer x : arr.subList(0, k)) {	for (Integer x : arr.subList(k, arr.size())) {
13	continue; for (Integer x : arr) {	for (Integer x : arr.subList(k, arr.size())) {
13	for (Integer x : arr) {	for (Integer x : arr.subList(k, arr.size())) {
13	for (Integer x : heap.getIntegers()) {	for (Integer x : arr.subList(k, arr.size())) {
13	for (Integer y : arr) {	for (Integer x : arr.subList(k, arr.size())) {
13	ArrayList < Integer> output = new ArrayList < Integer>();	for (Integer x : arr.subList(k, arr.size())) {
13	for (Integer x : heap.remove(x)) {	for (Integer x : arr.subList(k, arr.size())) {
13	for (Integer x : heap.poll().toInt()) {	for (Integer x : arr.subList(k, arr.size())) {
13	(Integer x : arr) {	for (Integer x : arr.subList(k, arr.size())) {
13	(Integer x : arr.subList(0,k)));	for (Integer x : arr.subList(k, arr.size())) {
13	for (Integer x : heap) {	for (Integer x : arr.subList(k, arr.size())) {
17	length = length + 1;	longest = Math.max(longest,length + 1);
17	length = length;	longest = Math.max(longest,length + 1);
17	longest = length;	longest = Math.max(longest,length + 1);
17	length = length + i;	longest = Math.max(longest,length + 1);
17	longest = length + 1;	longest = Math.max(longest,length + 1);
17	length = length - 1;	longest = Math.max(longest,length + 1);
17	longest = length + i;	longest = Math.max(longest,length + 1);
17	length = ends.get(length+1);	longest = Math.max(longest,length + 1);
17	longest = length - 1;	longest = Math.max(longest,length + 1);
17	length = length; longest = length + 1;	longest = Math.max(longest,length + 1);
17	length = length.length();	longest = Math.max(longest,length + 1);
17	i++; longest = length + 1;	longest = Math.max(longest,length + 1);
17	length = length; length = length + 1;	longest = Math.max(longest,length + 1);
17	length = length - i;	longest = Math.max(longest,length + 1);
17	length = length+1;	longest = Math.max(longest,length + 1);
17	long longest = length + 1;	longest = Math.max(longest,length + 1);
17	length = length + 2;	longest = Math.max(longest,length + 1);
17	length = length; longest = length;	longest = Math.max(longest,length + 1);
17	length = length + 0;	longest = Math.max(longest,length + 1);
17	length = length + j;	longest = Math.max(longest,length + 1);
17	i++; longest = length;	longest = Math.max(longest,length + 1);
17	length += 1;	longest = Math.max(longest,length + 1);
17	longest = length+1;	longest = Math.max(longest,length + 1);
17	length = length; length = length;	longest = Math.max(longest,length + 1);
17	longest = length + 2;	longest = Math.max(longest,length + 1);
17	longest = length + j;	longest = Math.max(longest,length + 1);
17	long longest = length;	longest = Math.max(longest,length + 1);
17	length = length.length;	longest = Math.max(longest,length + 1);
17	length += length;	longest = Math.max(longest,length + 1);
17	length++;	longest = Math.max(longest,length + 1);
31	if (list_comp(n, primes) == null) {	if (all(list_comp(n, primes))) {
31	if (!list_comp(n, primes)) {	if (all(list_comp(n, primes))) {
31	if (list_comp(n, primes)) {	if (all(list_comp(n, primes))) {
31	if (list_comp(n, primes)!= null) {	if (all(list_comp(n, primes))) {
31	if (list_comp(n, null)) {	if (all(list_comp(n, primes))) {
31	if (list_comp(n, n)) {	if (all(list_comp(n, primes))) {
31	if (list_comp(n, primes) >= 0) {	if (all(list_comp(n, primes))) {
31	if (list_comp(n, primes, max)) {	if (all(list_comp(n, primes))) {
31	if (list_comp(n, null, primes)) {	if (all(list_comp(n, primes))) {
31	if (list_comp(n, 0)) {	if (all(list_comp(n, primes))) {
31	if (list_comp(n, primes) == false) {	if (all(list_comp(n, primes))) {
31	if (list_comp(n, n, primes)) {	if (all(list_comp(n, primes))) {
31	if (list_comp(n, primes.size())) {	if (all(list_comp(n, primes))) {
31	if (list_comp(n, primes) > 0) {	if (all(list_comp(n, primes))) {
31	if (list_comp(number, primes)) {	if (all(list_comp(n, primes))) {
31	if (list_comp(n, primes, true)) {	if (all(list_comp(n, primes))) {
31	if (list_comp(n, primes) == null) {	if (all(list_comp(n, primes))) {
31	if (list_comp(n + 1, primes)) {	if (all(list_comp(n, primes))) {
31	if (!list_comp(n, primes)) {	if (all(list_comp(n, primes))) {
31	if (list_comp(n, primes, 0)) {	if (all(list_comp(n, primes))) {
31	if (list_comp(n, (int) primes)) {	if (all(list_comp(n, primes))) {
31	if (list_comp(n, primes, false)) {	if (all(list_comp(n, primes))) {
31	if (list_comp(n, primes)) {	if (all(list_comp(n, primes))) {
31	if (list_comp(n, primes - 1)) {	if (all(list_comp(n, primes))) {
31	if (list_comp(n, 0, primes)) {	if (all(list_comp(n, primes))) {
31	If (list_comp(n, primes)) {	if (all(list_comp(n, primes))) {
31	if (list_comp(n, max)) {	if (all(list_comp(n, primes))) {
31	If (list_comp(n, primes)) {	if (all(list_comp(n, primes))) {
31	if (list_comp(n, primes) == true) {	if (all(list_comp(n, primes))) {
31	if (list_comp(n)) {	if (all(list_comp(n, primes))) {
